Object Name,Period Start,Period End,Possible Impacts,Cumulative Impact Probability,Asteroid Velocity,Asteroid Magnitude,Asteroid Diameter (km),Cumulative Palermo Scale,Maximum Palermo Scale,Maximum Torino Scale,Energy,Energy sc,Energy log,Energy log pos,Vis radius,Vis radius scaled
2013 RZ53,2092,2103,8,1.30E-05,1.25,31.1,0.002,-8.32,-8.7,0,1.25E-08,1.25,1.223901086,28.22390109,1.106300631,11.06300631
2016 QY84,2020,2116,703,3.60E-05,3.15,31.6,0.002,-7.41,-8.32,0,7.94E-08,7.938,11.36267916,38.36267916,3.370857334,33.70857334
2008 UA202,2046,2105,63,7.60E-05,2.3,29.4,0.004,-6.58,-7.35,0,3.39E-07,33.856,19.31815578,46.31815578,4.395242403,43.95242403
1991 VG,2101,2101,1,4.60E-05,1.02,28.4,0.007,-6.46,-6.46,0,3.57E-07,35.68572,19.60684557,46.60684557,4.427961785,44.27961785
2014 WU200,2111,2111,2,1.40E-06,1.73,28.9,0.005,-8.28,-8.44,0,3.74E-07,37.41125,19.86584321,46.86584321,4.457111532,44.57111532
2008 JL24,2091,2109,2,4.30E-07,2.7,29.6,0.004,-8.99,-9.05,0,4.67E-07,46.656,21.07705531,48.07705531,4.59097542,45.9097542
2014 WE6,2104,2109,5,5.20E-05,4.42,30.3,0.003,-7.3,-7.57,0,5.27E-07,52.74828,21.75020461,48.75020461,4.663711463,46.63711463
2007 UN12,2071,2111,32,0.00029,1.57,28.7,0.006,-5.8,-6.57,0,5.32E-07,53.24184,21.80128682,48.80128682,4.669184813,46.69184813
2014 HJ197,2036,2115,410,1.80E-05,4.51,30.2,0.003,-7.36,-7.9,0,5.49E-07,54.91827,21.97132446,48.97132446,4.68735794,46.8735794
2000 LG6,2075,2115,52,0.00099,2.11,29,0.005,-5.37,-5.86,0,5.57E-07,55.65125,22.04404465,49.04404465,4.695108588,46.95108588
2011 UD21,2105,2105,1,9.30E-06,1.29,28.5,0.007,-7.21,-7.21,0,5.71E-07,57.07863,22.18294897,49.18294897,4.709877809,47.09877809
2013 YB,2017,2046,23,7.60E-05,8.98,31.4,0.002,-6.6,-6.96,0,6.45E-07,64.51232,22.85443524,49.85443524,4.78063126,47.8063126
2015 FU344,2066,2111,13,1.40E-05,9.92,31,0.002,-7.79,-7.94,0,7.87E-07,78.72512,23.94649524,50.94649524,4.893515632,48.93515632
2015 TC25,2070,2115,13,0.00013,3.52,29.5,0.004,-6.45,-6.49,0,7.93E-07,79.29856,23.98630226,50.98630226,4.897581266,48.97581266
2015 PS228,2080,2102,3,2.90E-06,2.55,28.9,0.005,-7.81,-7.87,0,8.13E-07,81.28125,24.12175192,51.12175192,4.911390019,49.11390019
2011 AM37,2044,2114,120,0.001,3.65,29.7,0.004,-5.43,-5.83,0,8.53E-07,85.264,24.38412881,51.38412881,4.938028838,49.38028838
2012 EP10,2056,2115,39,9.50E-05,2.78,29.2,0.005,-6.45,-6.7,0,9.66E-07,96.605,25.06906249,52.06906249,5.006901485,50.06901485
2015 VO142,2046,2110,15,3.70E-06,2.82,29,0.005,-7.72,-8.43,0,9.94E-07,99.405,25.22577415,52.22577415,5.02252667,50.2252667
2012 XB112,2058,2114,18,0.00013,4.15,29.8,0.004,-6.35,-6.37,0,1.10E-06,110.224,25.79242269,52.79242269,5.078624094,50.78624094
2016 WY,2091,2114,11,9.70E-05,3.24,29.2,0.005,-6.49,-6.6,0,1.31E-06,131.22,26.74875857,53.74875857,5.171920201,51.71920201
2012 FN,2115,2115,1,2.30E-08,3.27,29.2,0.005,-10.18,-10.2,0,1.34E-06,133.66125,26.84986186,53.84986186,5.181685234,51.81685234
2010 VP139,2017,2112,350,1.80E-05,2.04,28.5,0.007,-6.51,-7.54,0,1.43E-06,142.74288,27.21041361,54.21041361,5.216360188,52.16360188
2008 EA9,2063,2084,9,2.60E-05,1.24,27.7,0.01,-6.24,-6.8,0,1.54E-06,153.76,27.61819849,54.61819849,5.255301941,52.55301941
2016 RD34,2051,2093,25,0.0019,1.14,27.5,0.011,-4.17,-4.51,0,1.73E-06,172.97676,28.26411391,55.26411391,5.316400466,53.16400466
2014 JR24,2069,2115,38,0.0012,3.72,29.3,0.005,-5.26,-5.27,0,1.73E-06,172.98,28.26421665,55.26421665,5.316410128,53.16410128
2010 XC,2017,2113,332,3.30E-06,3.96,29.1,0.005,-7.25,-8.05,0,1.96E-06,196.02,28.95004183,55.95004183,5.380524308,53.80524308
2009 SH1,2073,2113,24,7.00E-08,5.57,29.9,0.004,-9.91,-10.4,0,1.99E-06,198.55936,29.02063909,56.02063909,5.387080758,53.87080758
2011 CA7,2062,2092,7,9.00E-07,8.91,30.3,0.003,-8.67,-8.88,0,2.14E-06,214.34787,29.44029412,56.44029412,5.42589109,54.2589109
2003 YS70,2075,2107,2,7.70E-06,3.16,28.8,0.006,-7.44,-7.48,0,2.16E-06,215.68896,29.47450353,56.47450353,5.429042598,54.29042598
2008 TS10,2068,2114,19,2.80E-05,3.18,28.8,0.006,-6.77,-7.61,0,2.18E-06,218.42784,29.54371278,56.54371278,5.435412844,54.35412844
2008 WO2,2065,2111,10,5.30E-05,6.11,29.8,0.004,-6.93,-7.28,0,2.39E-06,238.92544,30.0356778,57.0356778,5.48048153,54.8048153
2016 WN55,2020,2113,48,4.80E-06,0.34,25.6,0.028,-4.06,-4.33,0,2.54E-06,253.76512,30.36617947,57.36617947,5.510551648,55.10551648
2012 WR10,2081,2096,3,7.70E-07,2.73,28.5,0.007,-8.21,-8.4,0,2.56E-06,255.63447,30.40643504,57.40643504,5.514203028,55.14203028
2008 US,2017,2062,30,1.60E-05,18.33,31.4,0.002,-6.48,-6.87,0,2.69E-06,268.79112,30.68169596,57.68169596,5.539106061,55.39106061
2014 HY198,2041,2115,234,4.50E-05,6.52,29.6,0.004,-6.84,-7.41,0,2.72E-06,272.06656,30.74812897,57.74812897,5.545099546,55.45099546
2011 CF22,2031,2115,171,5.40E-05,18.81,30.9,0.002,-6.91,-7.73,0,2.83E-06,283.05288,30.9652563,57.9652563,5.564643412,55.64643412
2008 VM,2020,2031,3,3.60E-05,10.26,30.2,0.003,-6.49,-6.49,0,2.84E-06,284.22252,30.98787413,57.98787413,5.566675321,55.66675321
2008 UM1,2021,2079,5,5.00E-07,19.03,31.6,0.002,-8.39,-8.41,0,2.90E-06,289.71272,31.09281157,58.09281157,5.576092859,55.76092859
2013 CY,2078,2106,5,2.50E-06,2.42,28.2,0.008,-7.57,-7.92,0,3.00E-06,299.84768,31.28140585,58.28140585,5.592978263,55.92978263
2006 JY26,2073,2110,48,0.0097,2.98,28.4,0.007,-3.93,-3.93,0,3.05E-06,304.59772,31.36761256,58.36761256,5.600679652,56.00679652
2009 VT1,2046,2081,3,2.60E-06,6.97,29.6,0.004,-7.76,-7.85,0,3.11E-06,310.91776,31.48025138,58.48025138,5.610726457,56.10726457
2016 TH,2077,2115,30,2.20E-05,7.4,29.4,0.004,-7.09,-7.76,0,3.50E-06,350.464,32.13694581,59.13694581,5.668945741,56.68945741
2008 EK68,2017,2115,315,5.00E-06,7.43,29.8,0.004,-7.6,-8.87,0,3.53E-06,353.31136,32.18132738,59.18132738,5.672858837,56.72858837
2013 XS21,2086,2111,9,3.30E-06,7.52,29.4,0.004,-7.95,-8.26,0,3.62E-06,361.92256,32.31340479,59.31340479,5.684488085,56.84488085
2008 LD,2049,2115,59,8.90E-05,4.13,28.9,0.006,-6.33,-7.17,0,3.68E-06,368.42904,32.41113247,59.41113247,5.693077592,56.93077592
2015 WP2,2080,2115,24,0.0001,12.62,30.1,0.003,-6.56,-6.98,0,4.30E-06,430.01388,33.25891679,60.25891679,5.76705443,57.6705443
2014 LJ,2055,2115,39,1.50E-05,3.61,28.5,0.007,-6.9,-7.82,0,4.47E-06,447.00103,33.47141724,60.47141724,5.78544875,57.8544875
2009 XR1,2032,2110,13,1.70E-07,6.01,29.3,0.005,-8.85,-9.27,0,4.52E-06,451.50125,33.52635996,60.52635996,5.790195157,57.90195157
2008 KT,2091,2107,4,2.90E-07,3,28.2,0.008,-8.55,-8.8,0,0.000004608,460.8,33.63817322,60.63817322,5.799842517,57.99842517
2016 TG94,2096,2116,16,1.50E-05,8.74,29.7,0.004,-7.4,-7.77,0,4.89E-06,488.88064,33.96262339,60.96262339,5.827745996,58.27745996
2014 KC45,2066,2102,4,1.50E-06,8.92,29.4,0.004,-8.25,-8.28,0,5.09E-06,509.22496,34.1862476,61.1862476,5.846900683,58.46900683
2010 UY7,2066,2115,45,0.00023,3.87,28.5,0.007,-5.75,-6.19,0,5.14E-06,513.70767,34.23431918,61.23431918,5.851010099,58.51010099
2016 NK22,2084,2115,85,0.0007,6.88,28.9,0.005,-5.47,-5.67,0,5.92E-06,591.68,35.00938704,62.00938704,5.91687308,59.1687308
2014 AG51,2049,2110,9,1.80E-06,14.82,30,0.003,-8.06,-8.09,0,5.93E-06,593.00748,35.02167887,62.02167887,5.917911698,59.17911698
2016 EO28,2035,2058,18,0.00051,6.98,29.1,0.005,-4.99,-5.02,0,6.09E-06,609.005,35.16768171,62.16768171,5.930234541,59.30234541
2017 BG92,2045,2110,25,1.90E-05,5.31,28.6,0.006,-6.68,-7.06,0,6.09E-06,609.03576,35.16795873,62.16795873,5.930257898,59.30257898
2016 CG18,2062,2116,53,0.00014,4.25,28.5,0.007,-5.87,-6.13,0,6.20E-06,619.54375,35.26178381,62.26178381,5.938163337,59.38163337
2011 BL45,2050,2115,51,0.0005,1.68,27.2,0.013,-4.7,-4.85,0,6.20E-06,620.08128,35.2665405,62.2665405,5.938563841,59.38563841
2016 FZ13,2108,2114,6,2.20E-05,4.3,28.3,0.007,-6.75,-7.14,0,6.34E-06,634.207,35.39008504,62.39008504,5.948956635,59.48956635
2015 XH55,2092,2110,5,1.40E-06,7.14,29.2,0.005,-8.22,-8.49,0,6.37E-06,637.245,35.41629586,62.41629586,5.951159203,59.51159203
2016 VB1,2071,2115,73,0.0012,5.45,28.6,0.006,-5.02,-5.48,0,6.42E-06,641.574,35.45342989,62.45342989,5.954278285,59.54278285
2016 VF18,2031,2082,7,7.70E-06,10.09,29.8,0.004,-7.53,-7.57,0,6.52E-06,651.57184,35.53824228,62.53824228,5.961396001,59.61396001
2015 HM182,2021,2112,81,1.00E-07,7.25,29,0.005,-8.88,-9.47,0,6.57E-06,657.03125,35.58400716,62.58400716,5.965233202,59.65233202
2016 DY30,2036,2105,6,3.20E-07,15.64,30.5,0.003,-9.13,-9.23,0,6.60E-06,660.44592,35.61243858,62.61243858,5.96761582,59.6761582
2012 VJ38,2031,2110,16,0.00011,4.45,28.5,0.007,-5.95,-6.03,0,6.79E-06,679.22575,35.76622349,62.76622349,5.980486894,59.80486894
2009 YR,2060,2087,6,8.70E-06,3.12,28,0.009,-6.74,-7.14,0,7.10E-06,709.63776,36.00646439,63.00646439,6.000538675,60.00538675
2016 EP84,2092,2106,6,3.60E-05,2.33,27.4,0.011,-6.03,-6.08,0,7.23E-06,722.58659,36.10564421,63.10564421,6.008797234,60.08797234
2008 GM2,2084,2114,35,2.30E-05,4.61,28.4,0.007,-6.69,-7.39,0,7.29E-06,728.94703,36.15371207,63.15371207,6.012795695,60.12795695
2016 WT,2072,2115,36,2.30E-05,10.71,29.7,0.004,-7.2,-8.08,0,7.34E-06,734.10624,36.19239477,63.19239477,6.016011534,60.16011534
2011 YC40,2028,2050,6,1.40E-06,10.94,29.7,0.004,-7.69,-7.84,0,7.66E-06,765.97504,36.42547651,63.42547651,6.035352228,60.35352228
2014 OM207,2101,2101,2,0.00022,8.2,29.1,0.005,-5.98,-5.98,0,0.000008405,840.5,36.93472715,63.93472715,6.077394766,60.77394766
2008 CM74,2079,2100,6,2.40E-06,4.07,28,0.008,-7.49,-7.95,0,8.48E-06,848.12288,36.98424723,63.98424723,6.081467522,60.81467522
2010 RF12,2095,2115,52,0.065,5.1,28.4,0.007,-3.2,-3.2,0,8.92E-06,892.143,37.26178381,64.26178381,6.104243099,61.04243099
2016 WF7,2102,2113,4,2.30E-06,6.52,28.7,0.006,-7.88,-7.91,0,9.18E-06,918.22464,37.41983223,64.41983223,6.117175184,61.17175184
2012 BK14,2020,2113,663,4.90E-05,3.67,28,0.009,-5.81,-6.88,0,9.82E-06,981.88281,37.78747881,64.78747881,6.147152089,61.47152089
2003 WT153,2044,2103,39,1.70E-05,4.41,28.1,0.008,-6.57,-6.77,0,9.96E-06,995.74272,37.86435917,64.86435917,6.153402244,61.53402244
2009 WR52,2031,2113,51,0.00011,5.42,28.3,0.007,-5.75,-6.03,0,1.01E-05,1007.61052,37.92934366,64.92934366,6.158680351,61.58680351
2012 DJ54,2068,2115,32,0.0002,5.43,28.5,0.007,-5.71,-6,0,1.01E-05,1011.33207,37.94956419,64.94956419,6.16032176,61.6032176
2016 DA31,2028,2116,184,0.00013,13.6,29.9,0.004,-6.1,-6.61,0,1.18E-05,1183.744,38.81295059,65.81295059,6.23000406,62.3000406
2006 BO7,2060,2115,3,1.10E-06,9.83,29.3,0.005,-8.07,-8.26,0,1.21E-05,1207.86125,38.92357348,65.92357348,6.238875979,62.38875979
2016 XL23,2086,2086,1,8.20E-07,9.91,29.3,0.005,-8.34,-8.34,0,1.23E-05,1227.60125,39.01248687,66.01248687,6.245997668,62.45997668
2007 UD6,2058,2106,63,9.00E-05,5.99,28.3,0.007,-5.9,-6.79,0,1.23E-05,1230.68743,39.02625835,66.02625835,6.247099995,62.47099995
2011 CL50,2036,2111,68,4.70E-05,3.51,27.6,0.01,-5.95,-6.85,0,1.23E-05,1232.01,39.0321495,66.0321495,6.247571488,62.47571488
2016 AQ164,2035,2035,1,8.20E-08,13.9,29.9,0.004,-8.94,-8.94,0,1.24E-05,1236.544,39.05229747,66.05229747,6.249183744,62.49183744
2014 HB177,2085,2099,3,2.60E-06,6.08,28.3,0.007,-7.49,-7.57,0,1.27E-05,1267.94752,39.18985156,66.18985156,6.260179834,62.60179834
2016 SA2,2110,2116,9,0.00016,5.19,28.1,0.008,-5.77,-6.08,0,1.38E-05,1379.12832,39.65086221,66.65086221,6.29689306,62.9689306
2016 JB18,2091,2116,14,8.10E-05,3.25,27.5,0.011,-5.72,-5.75,0,1.41E-05,1405.86875,39.75619145,66.75619145,6.305251102,63.05251102
2009 WW7,2069,2115,30,2.20E-05,8.2,28.9,0.006,-6.81,-6.94,0,1.45E-05,1452.384,39.93472715,66.93472715,6.319392941,63.19392941
2009 VA,2025,2048,16,2.20E-05,8.24,28.6,0.006,-5.81,-5.84,0,1.47E-05,1466.58816,39.98810744,66.98810744,6.323615061,63.23615061
2009 TB,2020,2112,35,7.10E-06,10.84,29.2,0.005,-6.35,-6.91,0,1.47E-05,1468.82,39.99644784,66.99644784,6.324274491,63.24274491
2016 NL39,2055,2116,85,0.00044,3.93,27.6,0.01,-4.92,-5.48,0,1.54E-05,1544.49,40.27197424,67.27197424,6.346020346,63.46020346
2016 LP10,2023,2115,32,0.00011,15.59,29.5,0.004,-5.55,-5.66,0,1.56E-05,1555.50784,40.31096205,67.31096205,6.349091435,63.49091435
2015 YM1,2096,2115,6,7.60E-06,6.81,28.4,0.007,-7.1,-7.19,0,1.59E-05,1590.70023,40.43366963,67.43366963,6.358747489,63.58747489
2010 UE,2032,2044,2,1.10E-07,16.09,29.6,0.004,-8.66,-8.86,0,1.66E-05,1656.88384,40.65725437,67.65725437,6.376304131,63.76304131
2014 OP2,2071,2079,3,1.70E-06,11.63,29.1,0.005,-7.8,-7.92,0,1.69E-05,1690.71125,40.76810613,67.76810613,6.384990692,63.84990692
2005 TH50,2031,2101,25,2.70E-05,4.88,28,0.009,-6.04,-6.4,0,1.74E-05,1736.06976,40.91331387,67.91331387,6.396351606,63.96351606
2001 GP2,2043,2109,29,0.00012,2.58,26.9,0.014,-5.08,-5.52,0,1.83E-05,1826.51616,41.19186906,68.19186906,6.418089206,64.18089206
2010 CK19,2089,2107,4,8.70E-07,5.01,27.9,0.009,-7.83,-8.22,0,1.83E-05,1829.79729,41.20171307,68.20171307,6.418856056,64.18856056
2014 HS197,2055,2100,9,3.40E-07,16.97,29.4,0.004,-8.38,-8.49,0,1.84E-05,1843.07776,41.24137749,68.24137749,6.421944993,64.21944993
2016 VA18,2020,2116,521,3.80E-06,7.47,28.3,0.007,-6.78,-7.38,0,1.91E-05,1913.97087,41.44839198,68.44839198,6.438042558,64.38042558
2015 XR169,2050,2115,122,0.00036,9.54,28.8,0.006,-5.32,-5.62,0,1.97E-05,1965.85056,41.59508299,68.59508299,6.449425012,64.49425012
2014 HD198,2018,2115,78,8.10E-06,17.54,29.6,0.004,-6.46,-6.58,0,1.97E-05,1968.97024,41.60378014,68.60378014,6.450099235,64.50099235
2015 KG158,2045,2111,38,0.00022,7.69,28.3,0.007,-5.42,-5.48,0,2.03E-05,2028.36823,41.76679409,68.76679409,6.462723427,64.62723427
2010 NN,2060,2115,29,3.20E-05,7.74,28.3,0.007,-6.3,-6.67,0,2.05E-05,2054.83068,41.83788721,68.83788721,6.468221333,64.68221333
2010 RM80,2085,2115,21,1.10E-05,5.36,27.9,0.009,-6.84,-7.25,0,2.09E-05,2094.38784,41.94247089,68.94247089,6.476300711,64.76300711
2010 VQ,2034,2114,56,0.00013,4.58,27.7,0.01,-5.24,-5.69,0,2.10E-05,2097.64,41.95098109,68.95098109,6.476957704,64.76957704
2015 BE511,2057,2103,5,6.40E-05,9.88,28.7,0.006,-6.08,-6.19,0,2.11E-05,2108.47104,41.97922875,68.97922875,6.479137963,64.79137963
2005 WN3,2024,2024,1,1.10E-09,18.17,29.9,0.004,-10.34,-10.3,0,2.11E-05,2112.95296,41.9908753,68.9908753,6.480036674,64.80036674
2008 EF32,2083,2083,1,6.50E-08,13.11,29.4,0.005,-9.39,-9.39,0,2.15E-05,2148.40125,42.08212882,69.08212882,6.48707398,64.8707398
2016 CH30,2100,2112,4,8.90E-06,5.46,28,0.009,-6.92,-6.97,0,2.17E-05,2173.26564,42.14524247,69.14524247,6.491936727,64.91936727
2009 TM8,2079,2114,136,7.70E-05,7.96,28.6,0.007,-6.18,-7.39,0,2.17E-05,2173.30288,42.14533645,69.14533645,6.491943966,64.91943966
2008 ST,2047,2114,25,7.00E-05,3.24,27.1,0.013,-5.55,-5.83,0,2.31E-05,2306.32272,42.47116893,69.47116893,6.516990788,65.16990788
2006 UQ216,2061,2115,7,3.30E-06,3.73,27.3,0.012,-7.02,-7.22,0,2.40E-05,2404.14912,42.69901739,69.69901739,6.534448514,65.34448514
2010 XB,2027,2029,2,2.50E-07,19.67,29.6,0.004,-8,-8.25,0,2.48E-05,2476.21696,42.86101651,69.86101651,6.546832555,65.46832555
2016 TM,2093,2100,2,3.90E-07,4.33,27.5,0.011,-8.04,-8.07,0,2.50E-05,2495.47859,42.90351589,69.90351589,6.550077549,65.50077549
2016 AF2,2072,2093,3,3.10E-07,5.87,27.8,0.009,-8.09,-8.1,0,2.51E-05,2511.90801,42.93950778,69.93950778,6.552824413,65.52824413
2008 JD33,2018,2106,133,1.10E-07,5.07,27.9,0.01,-7.87,-8.77,0,2.57E-05,2570.49,43.06595424,70.06595424,6.562465561,65.62465561
2015 VL64,2085,2109,7,2.80E-06,8.68,28.3,0.007,-7.46,-8.02,0,2.58E-05,2584.24432,43.09522445,70.09522445,6.564695305,65.64695305
2015 DQ224,2029,2089,91,6.80E-05,14.59,29.4,0.005,-5.98,-6.73,0,2.66E-05,2660.85125,43.25545211,70.25545211,6.576887723,65.76887723
2007 TX22,2040,2086,52,3.40E-05,8.87,28.4,0.007,-6.21,-7.02,0,2.70E-05,2698.61767,43.33275278,70.33275278,6.58276179,65.8276179
2016 WN7,2095,2100,3,3.10E-06,6.16,27.9,0.009,-7.27,-7.3,0,2.77E-05,2766.23424,43.46848685,70.46848685,6.593063541,65.93063541
2012 CS46,2023,2115,81,1.20E-07,6.26,27.8,0.009,-8.18,-8.86,0,2.86E-05,2856.77604,43.64513527,70.64513527,6.606446494,66.06446494
2016 FC1,2082,2088,4,3.40E-06,15.19,29.1,0.005,-7.47,-7.64,0,2.88E-05,2884.20125,43.69753867,70.69753867,6.610411384,66.10411384
2009 VZ39,2017,2114,924,7.10E-06,6.33,27.9,0.009,-6.22,-7.61,0,2.92E-05,2921.02281,43.76711812,70.76711812,6.615672159,66.15672159
2010 GV23,2096,2105,2,6.90E-08,5.42,27.6,0.01,-8.84,-9.02,0,2.94E-05,2937.64,43.79823186,70.79823186,6.618023259,66.18023259
2013 RO30,2044,2093,8,9.50E-05,9.26,28.4,0.007,-5.91,-6.03,0,2.94E-05,2941.14268,43.80476775,70.80476775,6.618517036,66.18517036
2017 BD6,2090,2090,1,1.00E-09,9.28,28.6,0.007,-10.95,-11,0,2.95E-05,2953.86112,43.82843471,70.82843471,6.620304729,66.20304729
2011 UL169,2057,2073,6,1.40E-05,9.35,28.3,0.007,-6.45,-6.51,0,3.00E-05,2998.59175,43.91086924,70.91086924,6.626527691,66.26527691
2010 HP20,2021,2115,564,4.10E-05,7.66,28.2,0.008,-5.98,-7.46,0,3.00E-05,3004.19072,43.92110094,70.92110094,6.627299672,66.27299672
2012 HG2,2053,2116,318,0.002,3.32,27,0.014,-3.94,-4.37,0,3.02E-05,3024.54656,43.95813969,70.95813969,6.63009349,66.3009349
2016 NP56,2024,2068,8,5.10E-06,2.14,26.2,0.019,-6.05,-6.11,0,3.14E-05,3141.14764,44.16561401,71.16561401,6.645721481,66.45721481
2012 UL171,2100,2100,1,4.20E-10,3.79,27,0.013,-10.8,-10.8,0,3.16E-05,3155.79277,44.19112671,71.19112671,6.647640687,66.47640687
2014 EU,2080,2107,5,7.70E-06,5.64,27.7,0.01,-6.72,-6.77,0,3.18E-05,3180.96,44.23469423,71.23469423,6.650916796,66.50916796
2007 FP3,2059,2111,11,2.20E-06,9.65,28.4,0.007,-7.54,-7.86,0,3.19E-05,3194.10175,44.2573074,71.2573074,6.652616583,66.52616583
2015 SK7,2059,2107,5,7.30E-07,12.18,28.8,0.006,-8.08,-8.41,0,3.20E-05,3204.41184,44.27498306,71.27498306,6.653944925,66.53944925
2016 FE15,2068,2116,3,6.20E-07,12.21,28.8,0.006,-8.11,-8.24,0,3.22E-05,3220.21656,44.30196864,71.30196864,6.655972404,66.55972404
2016 RR1,2076,2113,27,0.0002,6.75,27.8,0.009,-5.42,-5.64,0,3.32E-05,3321.50625,44.47183203,71.47183203,6.668720419,66.68720419
2015 FC345,2109,2109,1,6.20E-07,6.76,27.8,0.009,-7.96,-7.96,0,3.33E-05,3331.35504,44.48807131,71.48807131,6.669937879,66.69937879
2011 AZ22,2034,2114,9,9.30E-07,12.52,28.6,0.006,-7.58,-7.7,0,3.39E-05,3385.80864,44.57700005,71.57700005,6.676600935,66.76600935
2010 CS19,2104,2104,4,4.80E-05,6.82,28,0.009,-6.16,-6.18,0,3.39E-05,3390.75396,44.58500534,71.58500534,6.677200412,66.77200412
2013 GW38,2061,2113,13,6.40E-06,10.26,28.5,0.007,-7.05,-7.66,0,3.61E-05,3610.67868,44.92969004,71.92969004,6.702961289,67.02961289
2000 SZ162,2070,2096,2,3.80E-07,4.17,27.1,0.013,-7.7,-7.75,0,3.82E-05,3820.34133,45.23927503,72.23927503,6.726014795,67.26014795
2016 DK2,2069,2069,1,7.50E-07,17.57,29.1,0.005,-7.93,-7.93,0,3.86E-05,3858.81125,45.29422957,72.29422957,6.730098779,67.30098779
2006 GU2,2022,2115,61,1.70E-05,7.3,27.8,0.009,-6.44,-7.09,0,3.88E-05,3884.841,45.33110336,72.33110336,6.73283769,67.3283769
2012 TP20,2069,2107,4,5.30E-07,7.31,27.8,0.009,-7.85,-8.07,0,3.90E-05,3895.49169,45.34611996,72.34611996,6.733952774,67.33952774
2016 TB57,2112,2112,1,1.10E-08,2.22,26.1,0.02,-9.01,-9.01,0,3.94E-05,3942.72,45.4122171,72.4122171,6.738858739,67.38858739
2012 EZ1,2107,2107,2,9.40E-08,13.54,28.8,0.006,-9.07,-9.3,0,3.96E-05,3959.96256,45.43615135,72.43615135,6.740634344,67.40634344
2005 TA,2099,2114,14,1.80E-05,4.8,27.2,0.012,-6.29,-6.64,0,3.98E-05,3981.312,45.46564234,72.46564234,6.742821542,67.42821542
2007 HB15,2055,2112,33,0.00015,6.35,27.8,0.01,-5.27,-5.35,0,4.03E-05,4032.25,45.53537145,72.53537145,6.747990179,67.47990179
2010 VN1,2046,2060,4,2.10E-06,10.99,28.3,0.007,-7.18,-7.33,0,4.14E-05,4142.75743,45.68366483,72.68366483,6.758969213,67.58969213
2006 DO62,2036,2079,11,1.80E-06,11.01,28.3,0.007,-7.32,-7.67,0,4.16E-05,4157.84943,45.70360961,72.70360961,6.760444483,67.60444483
2016 WQ1,2084,2084,1,8.10E-08,7.67,27.9,0.009,-8.74,-8.74,0,4.29E-05,4288.62681,45.87346673,72.87346673,6.772995403,67.72995403
2009 TD17,2047,2113,56,2.40E-05,6.57,27.7,0.01,-6.12,-6.9,0,4.32E-05,4316.49,45.90898629,72.90898629,6.775617041,67.75617041
2006 BF56,2092,2110,11,7.90E-06,26.18,29.6,0.004,-7.16,-7.59,0,4.39E-05,4386.51136,45.99724607,72.99724607,6.782126958,67.82126958
2010 GH7,2099,2115,38,0.00011,5.05,27.3,0.012,-5.53,-5.98,0,4.41E-05,4406.832,46.02259596,73.02259596,6.783995575,67.83995575
2011 YC63,2034,2039,2,2.90E-06,18.84,29,0.005,-6.83,-6.83,0,4.44E-05,4436.82,46.05979309,73.05979309,6.786736557,67.86736557
2011 FA23,2025,2102,6,4.10E-06,14.34,28.9,0.006,-7.21,-7.33,0,4.44E-05,4441.72896,46.06585822,73.06585822,6.787183379,67.87183379
2007 VF189,2077,2077,1,3.50E-08,11.47,28.4,0.007,-9.17,-9.17,0,4.51E-05,4512.53887,46.15260732,73.15260732,6.793571028,67.93571028
2007 XB23,2078,2114,9,6.60E-07,4.58,27.1,0.013,-7.52,-7.8,0,4.61E-05,4608.51508,46.26803941,73.26803941,6.802061409,68.02061409
2012 BP123,2017,2115,228,5.90E-07,4.6,27.1,0.013,-7.24,-8.11,0,4.65E-05,4648.852,46.31583744,73.31583744,6.805573998,68.05573998
2014 WA,2049,2049,1,1.40E-06,9.55,28.2,0.008,-7.28,-7.28,0,4.67E-05,4669.568,46.34022432,73.34022432,6.807365447,68.07365447
2013 PG10,2056,2113,7,8.30E-06,6.87,27.7,0.01,-6.56,-6.66,0,4.72E-05,4719.69,46.39878327,73.39878327,6.811665234,68.11665234
2016 JN38,2039,2114,93,6.50E-06,19.51,29.1,0.005,-6.92,-7.8,0,4.76E-05,4758.00125,46.44312556,73.44312556,6.814919336,68.14919336
2008 VB4,2019,2103,22,1.50E-07,11.84,28.3,0.007,-7.72,-8.03,0,4.81E-05,4808.36608,46.50087879,73.50087879,6.819155284,68.19155284
2010 RK53,2029,2029,1,1.80E-08,8.23,27.8,0.009,-8.65,-8.65,0,4.94E-05,4937.72841,46.64648996,73.64648996,6.829823567,68.29823567
2010 MZ112,2029,2110,186,8.60E-06,1.54,25.5,0.028,-5.25,-6.43,0,5.21E-05,5206.13632,46.93681549,73.93681549,6.851044846,68.51044846
2006 SR131,2060,2113,38,3.40E-05,8.46,28,0.009,-6.18,-6.98,0,5.22E-05,5217.56964,46.94884761,73.94884761,6.851922913,68.51922913
2010 UJ,2020,2108,103,6.10E-06,2.84,26.2,0.019,-5.74,-6.16,0,5.53E-05,5532.19504,47.26999978,74.26999978,6.875318158,68.75318158
2014 QN266,2078,2109,3,2.10E-06,2.85,26.2,0.019,-6.6,-6.66,0,5.57E-05,5571.22275,47.30855739,74.30855739,6.878121647,68.78121647
2016 EM156,2108,2116,5,2.00E-05,8.81,27.9,0.009,-6.5,-6.56,0,5.66E-05,5658.21369,47.39353739,74.39353739,6.884296434,68.84296434
2013 FU13,2081,2098,3,3.20E-05,5.74,27.2,0.012,-5.88,-6.09,0,5.69E-05,5693.34528,47.42748707,74.42748707,6.886761726,68.86761726
2009 EJ1,2067,2086,3,1.00E-07,10.63,28.2,0.008,-8.64,-8.78,0,5.79E-05,5785.44128,47.51549992,74.51549992,6.893148767,68.93148767
2016 TY55,2074,2114,16,1.90E-05,4.61,26.9,0.014,-5.99,-6.23,0,5.83E-05,5831.57624,47.55906412,74.55906412,6.896308006,68.96308006
2007 DC,2040,2108,35,1.10E-05,6.71,27.5,0.011,-6.26,-6.87,0,5.99E-05,5992.70771,47.70855833,74.70855833,6.907138216,69.07138216
2012 UE,2040,2058,6,4.40E-07,13.23,28.4,0.007,-7.78,-8.04,0,6.00E-05,6003.62847,47.71854444,74.71854444,6.907861061,69.07861061
2010 TW54,2092,2107,7,4.20E-06,7.77,27.6,0.01,-6.94,-7.43,0,6.04E-05,6037.29,47.74921116,74.74921116,6.910080402,69.10080402
2016 GK2,2092,2116,8,4.60E-05,9.12,27.8,0.009,-5.95,-6.14,0,6.06E-05,6063.41376,47.77289313,74.77289313,6.91179377,69.1179377
2009 JE1,2022,2114,10,7.30E-08,6.03,27.2,0.012,-8.23,-8.62,0,6.28E-05,6283.16352,47.968156,74.968156,6.925904706,69.25904706
2006 YE,2082,2089,2,1.60E-06,6.05,27.3,0.012,-7.24,-7.25,0,6.32E-05,6324.912,48.00447931,75.00447931,6.928526489,69.28526489
2004 DA53,2111,2112,3,1.70E-06,9.35,27.9,0.009,-7.52,-7.61,0,6.37E-05,6373.10025,48.04610864,75.04610864,6.931530036,69.31530036
2011 FQ16,2082,2114,4,6.40E-07,7.99,27.7,0.01,-7.87,-8.02,0,6.38E-05,6384.01,48.05548976,75.05548976,6.932206702,69.32206702
1991 BA,2023,2115,46,1.10E-05,17.23,28.7,0.006,-6.03,-6.14,0,6.41E-05,6412.45464,48.07987366,75.07987366,6.933965219,69.33965219
2014 HH196,2083,2109,2,3.00E-09,11.21,28.2,0.008,-10.21,-10.2,0,6.43E-05,6434.00192,48.09827297,75.09827297,6.935291844,69.35291844
2014 GQ17,2052,2115,83,5.60E-05,5.42,27.1,0.013,-5.55,-6.65,0,6.45E-05,6453.99508,48.11529017,75.11529017,6.936518592,69.36518592
2016 JL38,2024,2115,110,5.70E-07,2.88,26.2,0.02,-6.71,-7.42,0,6.64E-05,6635.52,48.26742636,75.26742636,6.947476258,69.47476258
2010 WW8,2017,2114,92,5.70E-07,4.45,26.9,0.015,-7.02,-7.73,0,6.68E-05,6683.34375,48.30681493,75.30681493,6.95031042,69.5031042
2008 VL,2017,2114,615,1.30E-05,9.68,27.9,0.009,-6.33,-7.46,0,6.83E-05,6830.90496,48.42659638,75.42659638,6.95892207,69.5892207
2016 WR55,2100,2115,9,3.20E-06,14.12,28.3,0.007,-7.32,-7.62,0,6.84E-05,6838.54192,48.43272498,75.43272498,6.959362398,69.59362398
2013 RS43,2073,2114,27,1.30E-05,5.69,27,0.013,-6.26,-7.04,0,7.11E-05,7113.02917,48.64857251,75.64857251,6.974852866,69.74852866
2008 GF1,2080,2080,1,9.70E-08,14.61,28.3,0.007,-8.61,-8.61,0,7.32E-05,7321.40703,48.80694287,75.80694287,6.986196595,69.86196595
2013 QM48,2071,2115,17,4.00E-06,7.47,27.4,0.011,-6.93,-7.5,0,7.43E-05,7427.09979,48.88555627,75.88555627,6.991820669,69.91820669
2012 AP10,2069,2114,81,0.00011,3.57,26.4,0.018,-5.01,-5.7,0,7.43E-05,7432.82568,48.88978313,75.88978313,6.992122935,69.92122935
2009 FQ32,2070,2104,5,5.20E-08,4.75,26.8,0.015,-8.49,-8.93,0,7.61E-05,7614.84375,49.02247931,76.02247931,7.001605481,70.01605481
2016 JA,2064,2103,10,4.50E-07,7.6,27.5,0.011,-7.8,-8.37,0,7.69E-05,7687.856,49.07481802,76.07481802,7.005342106,70.05342106
2014 QC391,2078,2115,37,5.90E-05,7.61,27.5,0.011,-5.77,-6.14,0,7.71E-05,7708.10051,49.08924225,76.08924225,7.006371547,70.06371547
2009 BF58,2055,2115,27,5.40E-05,6.68,27.2,0.012,-5.67,-6.07,0,7.71E-05,7710.75072,49.09112772,76.09112772,7.0065061,70.065061
2012 BU1,2086,2114,20,0.00011,8.97,27.7,0.01,-5.56,-5.99,0,8.05E-05,8046.09,49.32462017,76.32462017,7.023148879,70.23148879
2016 DK1,2043,2115,33,0.00016,6.87,27.3,0.012,-5,-5.47,0,8.16E-05,8155.62432,49.39878327,76.39878327,7.028426799,70.28426799
2011 EM40,2054,2113,16,1.30E-06,10.69,28,0.009,-7.44,-8.01,0,8.33E-05,8330.72769,49.5152973,76.5152973,7.036710688,70.36710688
2014 TL,2072,2114,6,9.10E-06,10.72,27.8,0.009,-6.66,-6.82,0,8.38E-05,8377.55136,49.54603893,76.54603893,7.038894723,70.38894723
2013 UJ5,2061,2061,1,1.10E-07,10.81,28,0.009,-8.37,-8.37,0,8.52E-05,8518.80969,49.63775026,76.63775026,7.045406323,70.45406323
2016 WU,2089,2110,3,2.40E-06,7.05,27.3,0.012,-7.14,-7.15,0,8.59E-05,8588.592,49.68249641,76.68249641,7.048581163,70.48581163
1994 GV,2036,2115,53,0.00016,8.09,27.5,0.011,-5.14,-5.81,0,8.71E-05,8711.14211,49.7602058,76.7602058,7.054091423,70.54091423
2013 GA55,2070,2114,23,3.90E-05,9.34,27.7,0.01,-6.04,-6.21,0,8.72E-05,8723.56,49.76801893,76.76801893,7.054645203,70.54645203
2016 GS134,2054,2070,2,3.60E-07,11.02,27.9,0.009,-7.84,-8.01,0,8.85E-05,8853.00516,49.84880782,76.84880782,7.060368816,70.60368816
2015 YJ,2042,2115,52,0.0018,16.35,28.3,0.007,-4.13,-4.36,0,9.17E-05,9169.16175,50.04126396,77.04126396,7.073985013,70.73985013
2005 TK50,2054,2106,2,1.50E-07,20.62,28.9,0.006,-8.66,-8.68,0,9.18E-05,9183.98304,50.05012261,77.05012261,7.074611128,70.74611128
2000 SG344,2069,2113,104,0.0022,1.36,24.8,0.037,-2.93,-3.26,0,9.37E-05,9368.77888,50.15938985,77.15938985,7.082329408,70.82329408
2011 DS,2065,2108,13,1.40E-05,6.54,27,0.013,-6.11,-6.36,0,9.40E-05,9396.92052,50.17584026,77.17584026,7.083490684,70.83490684
2015 HE183,2058,2110,34,4.50E-06,13.75,28.3,0.008,-6.94,-7.42,0,0.0000968,9680,50.33862886,77.33862886,7.094972083,70.94972083
2003 UM3,2022,2112,82,1.60E-06,13.82,28.1,0.008,-7.16,-7.94,0,9.78E-05,9778.81088,50.39433258,77.39433258,7.098896574,70.98896574
2010 UH,2047,2115,45,6.70E-05,6.74,27.1,0.013,-5.59,-5.72,0,9.98E-05,9980.44372,50.50627579,77.50627579,7.106776751,71.06776751
2014 GC49,2038,2038,1,2.30E-10,17.06,28.6,0.007,-10.84,-10.8,0,9.98E-05,9982.79548,50.50756806,77.50756806,7.106867669,71.06867669
2014 HT197,2070,2090,3,1.10E-07,17.18,28.5,0.007,-8.53,-8.81,0,0.000101237,10123.72732,50.5844583,77.5844583,7.112275185,71.12275185
2010 VR139,2017,2076,24,2.00E-07,4.99,26.7,0.016,-6.83,-6.95,0,0.000101991,10199.08096,50.62513208,77.62513208,7.115134017,71.15134017
2010 UK,2069,2115,20,2.30E-05,6.11,26.9,0.014,-5.81,-6.02,0,0.000102439,10243.92824,50.64919697,77.64919697,7.116824922,71.16824922
2007 RC20,2065,2106,2,3.70E-09,5.12,26.7,0.016,-9.66,-9.7,0,0.000107374,10737.41824,50.90725483,77.90725483,7.134932013,71.34932013
2010 MY112,2017,2114,440,7.00E-06,2.1,25.5,0.029,-4.9,-5.95,0,0.000107555,10755.549,50.91650845,77.91650845,7.135580456,71.35580456
2006 WP1,2017,2017,1,5.20E-09,17.77,28.3,0.007,-8.31,-8.31,0,0.00010831,10831.01047,50.95485582,77.95485582,7.138267004,71.38267004
2011 FQ6,2053,2115,28,4.80E-05,10.5,27.7,0.01,-5.8,-5.97,0,0.00011025,11025,51.05222259,78.05222259,7.145083806,71.45083806
2016 CD30,2056,2070,7,5.30E-05,10.53,27.7,0.01,-5.62,-5.66,0,0.000110881,11088.09,51.0835197,78.0835197,7.147273585,71.47273585
2009 WQ52,2037,2037,1,3.30E-09,14.76,28.2,0.008,-9.57,-9.57,0,0.000111543,11154.30912,51.11617811,78.11617811,7.149557896,71.49557896
2008 CJ,2061,2106,2,9.50E-07,8.06,27.3,0.012,-7.5,-7.5,0,0.000112257,11225.71008,51.15117561,78.15117561,7.152005006,71.52005006
2014 KW76,2115,2115,1,2.80E-07,15,28,0.008,-8.22,-8.22,0,0.0001152,11520,51.29311146,78.29311146,7.161920934,71.61920934
2005 VN5,2047,2114,29,5.70E-05,6.58,27,0.014,-5.41,-5.87,0,0.000118805,11880.53216,51.462134,78.462134,7.173711313,71.73711313
2014 OX3,2108,2108,1,4.90E-08,12.82,27.8,0.009,-8.88,-8.88,0,0.000119813,11981.28996,51.50845411,78.50845411,7.176939049,71.76939049
2013 BR27,2067,2106,42,3.00E-05,10.95,27.7,0.01,-6.02,-6.44,0,0.000119903,11990.25,51.51255432,78.51255432,7.177224695,71.77224695
2014 HM198,2099,2104,2,4.40E-10,9.54,27.4,0.011,-10.82,-11,0,0.000121136,12113.64396,51.56871114,78.56871114,7.181135783,71.81135783
2008 CB6,2093,2107,2,9.60E-06,7.43,27.1,0.013,-6.38,-6.53,0,0.000121285,12128.51653,51.57544101,78.57544101,7.181604348,71.81604348
2008 UA92,2078,2078,1,1.30E-06,8.38,27.3,0.012,-7.21,-7.21,0,0.000121348,12134.77632,51.57827111,78.57827111,7.181801383,71.81801383
2008 GY21,2038,2105,31,2.50E-07,11.1,27.6,0.01,-7.9,-8.32,0,0.00012321,12321,51.66180329,78.66180329,7.187614576,71.87614576
2006 HE2,2074,2111,4,8.30E-07,5.02,26.5,0.017,-7.16,-7.4,0,0.00012381,12380.95652,51.6884288,78.6884288,7.189466517,71.89466517
2016 CK137,2040,2116,84,0.00012,9.86,27.4,0.011,-5.24,-5.91,0,0.000129399,12939.92876,51.93062866,78.93062866,7.206290909,72.06290909
2015 BW516,2034,2081,8,4.30E-05,11.41,27.7,0.01,-5.54,-5.66,0,0.000130188,13018.81,51.96396235,78.96396235,7.208603357,72.08603357
2017 AT20,2039,2116,297,4.50E-06,7.71,27.1,0.013,-6.57,-7.12,0,0.000130599,13059.86877,51.98123316,78.98123316,7.209801188,72.09801188
2005 UC3,2101,2109,2,3.10E-07,7.81,27.1,0.013,-7.9,-8.03,0,0.000134008,13400.84317,52.12259633,79.12259633,7.219598073,72.19598073
2014 DK10,2060,2060,1,3.60E-08,11.83,27.8,0.01,-8.71,-8.71,0,0.000139949,13994.89,52.36049818,79.36049818,7.236055429,72.36055429
2016 TQ54,2082,2113,9,1.80E-06,9,27.2,0.012,-7.15,-7.64,0,0.000139968,13996.8,52.36124668,79.36124668,7.23610715,72.3610715
2008 TE,2023,2047,3,5.10E-05,11.84,27.7,0.01,-4.79,-4.79,0,0.000140186,14018.56,52.36976698,79.36976698,7.236695861,72.36695861
2008 XK,2017,2113,171,6.10E-07,9.03,27.2,0.012,-6.85,-7.5,0,0.000140903,14090.26752,52.39775131,79.39775131,7.238629104,72.38629104
2014 UY57,2071,2111,2,1.20E-07,9.03,27.2,0.012,-8.2,-8.32,0,0.000140903,14090.26752,52.39775131,79.39775131,7.238629104,72.38629104
2012 XK134,2065,2065,1,1.10E-07,4.95,26.4,0.018,-7.84,-7.84,0,0.000142899,14289.858,52.4748993,79.4748993,7.243956053,72.43956053
2012 TC4,2020,2114,79,8.50E-05,6.51,26.7,0.015,-4.74,-5.81,0,0.000143033,14303.28375,52.48005003,79.48005003,7.244311564,72.44311564
2012 DW60,2083,2115,14,4.10E-05,5.4,26.5,0.017,-5.45,-5.54,0,0.000143263,14326.308,52.48887194,79.48887194,7.244920423,72.44920423
2011 UC64,2093,2114,25,1.90E-05,14.05,27.9,0.009,-6.31,-6.78,0,0.000143906,14390.64225,52.51344711,79.51344711,7.246616253,72.46616253
2014 YN,2095,2115,22,6.10E-05,3.27,25.7,0.024,-5.06,-5.66,0,0.000147819,14781.86496,52.66056596,79.66056596,7.256760018,72.56760018
2011 SM173,2058,2112,10,5.30E-05,14.25,27.8,0.009,-5.5,-5.53,0,0.000148033,14803.25625,52.66849747,79.66849747,7.257306489,72.57306489
2015 VP64,2069,2105,5,3.10E-06,20.96,28.3,0.007,-6.99,-7,0,0.000150687,15068.73088,52.76598797,79.76598797,7.264020097,72.64020097
2013 NE24,2059,2112,13,5.40E-06,10.83,27.4,0.011,-6.61,-6.93,0,0.000156112,15611.15259,52.95995173,79.95995173,7.277358843,72.77358843
2011 EB74,2032,2115,328,0.00032,7.55,26.9,0.014,-4.51,-5.45,0,0.000156415,15641.486,52.97059872,79.97059872,7.278090321,72.78090321
2011 CF66,2018,2114,808,1.50E-05,12.52,27.8,0.01,-6.04,-7.18,0,0.00015675,15675.04,52.9823521,79.9823521,7.278897726,72.78897726
2016 EG28,2086,2108,3,2.10E-06,14.67,27.8,0.009,-7.17,-7.28,0,0.000156887,15688.72881,52.98713983,79.98713983,7.279226595,72.79226595
2007 VD8,2023,2112,53,3.80E-07,12.62,27.7,0.01,-7.61,-8.39,0,0.000159264,15926.44,53.0696209,80.0696209,7.284889903,72.84889903
2006 SF281,2017,2111,514,1.90E-06,4.49,26.2,0.02,-5.91,-7.58,0,0.000161281,16128.08,53.13862662,80.13862662,7.289624587,72.89624587
2016 SU2,2102,2115,12,4.90E-06,12.73,27.7,0.01,-6.85,-7.23,0,0.000162053,16205.29,53.16482144,80.16482144,7.291421085,72.91421085
2016 VZ17,2027,2116,141,1.10E-06,9.71,27.3,0.012,-7.06,-7.89,0,0.000162923,16292.29248,53.19418938,80.19418938,7.293434677,72.93434677
2016 TC57,2112,2112,1,1.00E-06,8.74,27,0.013,-7.34,-7.34,0,0.000167824,16782.35572,53.35673702,80.35673702,7.304569598,73.04569598
2017 BK30,2085,2085,2,1.40E-07,9.95,27.2,0.012,-8.11,-8.26,0,0.000171076,17107.632,53.46202682,80.46202682,7.311773165,73.11773165
2006 UJ185,2078,2105,3,1.20E-06,15.46,27.9,0.009,-7.47,-7.48,0,0.000174239,17423.94564,53.56251283,80.56251283,7.318641461,73.18641461
2006 XZ2,2059,2102,4,3.10E-07,9.06,27.1,0.013,-7.68,-7.81,0,0.000180338,18033.76692,53.75119318,80.75119318,7.331520523,73.31520523
2007 UO6,2031,2113,11,2.30E-05,11.68,27.3,0.011,-5.39,-5.65,0,0.000181578,18157.82144,53.78879411,80.78879411,7.334084408,73.34084408
2016 EV84,2056,2080,3,2.40E-06,7.41,26.8,0.015,-6.69,-6.77,0,0.000185315,18531.48375,53.90051819,80.90051819,7.341697228,73.41697228
2016 AZ193,2018,2114,398,2.30E-06,6.73,26.6,0.016,-6.27,-7.16,0,0.00018552,18551.97184,53.90657876,80.90657876,7.342109967,73.42109967
2008 CT1,2030,2115,163,5.00E-05,13.67,27.6,0.01,-5.62,-6.08,0,0.000186869,18686.89,53.94632242,80.94632242,7.344816024,73.44816024
2010 FN,2082,2114,5,2.30E-06,6.78,26.6,0.016,-6.71,-6.96,0,0.000188287,18828.65664,53.9877755,80.9877755,7.34763741,73.4763741
2004 OD4,2100,2100,1,6.80E-08,8.45,26.9,0.014,-8.43,-8.43,0,0.000195928,19592.846,54.20598613,81.20598613,7.362471469,73.62471469
2014 QJ365,2109,2109,1,5.80E-08,12.19,27.4,0.011,-8.68,-8.68,0,0.000197781,19778.14091,54.25761378,81.25761378,7.36597677,73.6597677
2012 BL14,2019,2115,520,1.70E-05,19.82,28.2,0.008,-5.71,-6.14,0,0.00020113,20113.01888,54.3497037,81.3497037,7.372225153,73.72225153
2015 PL57,2112,2112,1,7.00E-08,3.82,25.8,0.024,-8.03,-8.03,0,0.000201725,20172.53376,54.36590943,81.36590943,7.373324178,73.73324178
2015 HO182,2020,2115,49,4.80E-08,9.63,27,0.013,-8.06,-8.71,0,0.000203743,20374.29693,54.42049534,81.42049534,7.37702483,73.7702483
2012 SU9,2084,2115,5,1.30E-06,10.88,27.2,0.012,-7.24,-7.33,0,0.000204551,20455.09632,54.44220373,81.44220373,7.378496034,73.78496034
2014 KS76,2089,2107,2,9.60E-08,7.18,26.6,0.016,-8.13,-8.25,0,0.000211159,21115.86304,54.61657971,81.61657971,7.390303087,73.90303087
2008 EM68,2017,2115,1144,1.30E-05,14.54,27.8,0.01,-5.31,-5.65,0,0.000211412,21141.16,54.62314663,81.62314663,7.390747366,73.90747366
2015 GB1,2052,2090,4,3.10E-07,7.29,26.6,0.016,-7.42,-7.81,0,0.000217678,21767.82336,54.78336375,81.78336375,7.401578464,74.01578464
2015 EG7,2093,2110,3,3.20E-08,12.8,27.4,0.011,-8.8,-8.85,0,0.000218071,21807.104,54.79325233,81.79325233,7.402246438,74.02246438
2009 FP32,2073,2115,18,6.90E-06,15.06,27.8,0.01,-6.57,-7.2,0,0.000226804,22680.36,55.00860571,82.00860571,7.416778661,74.16778661
2012 BW13,2086,2111,10,2.00E-06,11.69,27.2,0.012,-7.03,-7.41,0,0.000236142,23614.17408,55.2299058,82.2299058,7.431682569,74.31682569
2010 UR7,2079,2086,3,2.00E-06,13.34,27.4,0.011,-6.94,-7.08,0,0.000236859,23685.89036,55.24653795,82.24653795,7.432801487,74.32801487
2016 SR2,2066,2116,17,5.70E-05,5.95,26.3,0.019,-5.27,-5.48,0,0.000242826,24282.57475,55.38299728,82.38299728,7.441975361,74.41975361
2011 SE58,2052,2055,2,2.30E-08,15.68,27.6,0.01,-8.68,-8.8,0,0.000245862,24586.24,55.45116219,82.45116219,7.446553712,74.46553712
2015 VN64,2088,2096,3,7.10E-07,15.86,27.5,0.01,-7.41,-7.58,0,0.00025154,25153.96,55.57637175,82.57637175,7.454956187,74.54956187
2011 BP40,2031,2111,21,1.70E-07,3.39,25.4,0.028,-7.03,-7.57,0,0.000252275,25227.45792,55.59237459,82.59237459,7.456029412,74.56029412
2012 MF7,2046,2092,9,0.00022,8.7,26.8,0.015,-4.43,-4.47,0,0.000255454,25545.375,55.66106247,82.66106247,7.460634187,74.60634187
2012 BA102,2112,2112,1,7.00E-06,7.23,26.5,0.017,-6.3,-6.3,0,0.000256817,25681.67577,55.69024963,82.69024963,7.462590008,74.62590008
2014 MA68,2019,2115,454,2.00E-05,4.95,25.9,0.022,-5.16,-6.03,0,0.000260903,26090.262,55.77682419,82.77682419,7.468388326,74.68388326
2010 VW194,2042,2109,27,6.80E-05,7.31,26.5,0.017,-5.15,-5.68,0,0.000262532,26253.15593,55.81096205,82.81096205,7.470673467,74.70673467
2005 BS1,2024,2041,3,5.10E-07,12.36,27.3,0.012,-6.85,-7.05,0,0.000263986,26398.58688,55.84126167,82.84126167,7.472701096,74.72701096
2002 UV36,2087,2087,1,9.70E-06,8.06,26.7,0.016,-6.09,-6.09,0,0.000266091,26609.09056,55.88482441,82.88482441,7.47561532,74.7561532
1993 HP1,2061,2112,9,1.60E-06,9.85,26.9,0.014,-6.87,-7.08,0,0.00026623,26622.974,55.88768539,82.88768539,7.475806672,74.75806672
2010 KV7,2034,2115,56,3.90E-05,5.37,26,0.021,-4.96,-5.32,0,0.000267059,26705.85309,55.90473346,82.90473346,7.476946801,74.76946801
2016 EL1,2097,2109,3,2.70E-07,19.79,27.8,0.009,-7.96,-8.29,0,0.000285509,28550.85489,56.27114171,83.27114171,7.501409315,75.01409315
2011 EB,2070,2077,3,5.30E-05,10.31,26.9,0.014,-5.33,-5.37,0,0.000291676,29167.64984,56.38837049,83.38837049,7.509219033,75.09219033
2001 BA16,2033,2111,6,9.80E-06,4.9,25.8,0.023,-5.33,-5.38,0,0.00029213,29212.967,56.39688551,83.39688551,7.509785983,75.09785983
2012 CQ46,2078,2103,4,1.50E-09,13.01,27.2,0.012,-10.04,-10.4,0,0.000292481,29248.14528,56.40348636,83.40348636,7.510225453,75.10225453
2010 XN69,2020,2115,147,7.30E-05,6.63,26.3,0.019,-4.89,-6.01,0,0.0003015,30150.03771,56.57006025,83.57006025,7.521307084,75.21307084
2012 YR1,2077,2077,1,5.60E-07,7.84,26.5,0.017,-7.2,-7.2,0,0.00030198,30198.04928,56.57878744,83.57878744,7.521887226,75.21887226
2009 TU,2086,2111,6,2.10E-05,15.15,27.4,0.011,-5.87,-6.32,0,0.000305494,30549.44475,56.64224226,83.64224226,7.526104056,75.26104056
2016 FA14,2072,2077,2,1.50E-06,15.24,27.4,0.011,-6.92,-6.93,0,0.000309135,30913.48656,56.70721558,83.70721558,7.53041935,75.3041935
2011 DU9,2046,2059,4,0.00022,8.77,26.7,0.016,-4.35,-4.36,0,0.000315035,31503.52384,56.81091621,83.81091621,7.537301653,75.37301653
2009 DM40,2112,2112,2,1.10E-08,8.88,26.6,0.016,-9.09,-9.34,0,0.000322988,32298.76224,56.94764991,83.94764991,7.54636667,75.4636667
2007 CC27,2067,2105,40,8.00E-05,10.88,26.9,0.014,-5.15,-5.65,0,0.000324819,32481.93536,56.97866759,83.97866759,7.54842153,75.4842153
2009 ST171,2066,2066,1,1.10E-06,9.83,26.8,0.015,-6.92,-6.92,0,0.000326123,32612.25375,57.00062879,84.00062879,7.549876078,75.49876078
2010 XP,2021,2114,63,9.00E-08,8.96,26.7,0.016,-7.63,-8.03,0,0.000328833,32883.34336,57.0460329,84.0460329,7.552882423,75.52882423
2009 WJ6,2049,2056,2,1.80E-08,18.16,27.6,0.01,-8.67,-8.7,0,0.000329786,32978.56,57.06189172,84.06189172,7.553932203,75.53932203
2013 UR1,2050,2050,1,1.70E-06,21.69,27.8,0.009,-6.67,-6.67,0,0.000342962,34296.24969,57.27677776,84.27677776,7.568142292,75.68142292
2004 PU42,2071,2114,25,8.30E-05,10.11,26.8,0.015,-5.13,-5.7,0,0.000344966,34496.58375,57.3087229,84.3087229,7.570252499,75.70252499
2013 GM3,2028,2114,159,0.00015,7.14,26.2,0.019,-4.61,-5.32,0,0.000349669,34966.90764,57.38299728,84.38299728,7.575156584,75.75156584
2016 LE10,2072,2072,2,3.30E-08,12.63,27.1,0.013,-8.51,-8.76,0,0.000350459,35045.86293,57.39536803,84.39536803,7.575973075,75.75973075
2015 FF36,2073,2073,1,1.20E-06,8.54,26.5,0.017,-6.82,-6.82,0,0.000358313,35831.29508,57.51693403,84.51693403,7.583991959,75.83991959
2012 VS76,2081,2114,9,1.30E-05,11.48,26.9,0.014,-6,-6.27,0,0.000361633,36163.28576,57.56751896,84.56751896,7.587326206,75.87326206
2006 DM63,2031,2088,22,0.00012,10.37,26.7,0.015,-4.39,-4.67,0,0.000362937,36293.70375,57.58726362,84.58726362,7.588627255,75.88627255
2015 BY3,2033,2080,7,8.00E-07,16.56,27.5,0.011,-7.01,-7.47,0,0.000365005,36500.49216,57.61842542,84.61842542,7.590680169,75.90680169
2011 AY22,2044,2115,31,2.60E-05,12.98,27.1,0.013,-5.78,-6.5,0,0.000370151,37015.14388,57.69522039,84.69522039,7.595736988,75.95736988
2008 EF85,2084,2110,3,1.60E-07,9.53,26.7,0.016,-7.96,-8,0,0.000372002,37200.24064,57.72257924,84.72257924,7.597537709,75.97537709
2014 CE,2112,2112,1,1.30E-06,13.03,27,0.013,-7.1,-7.1,0,0.000373009,37300.86373,57.73739511,84.73739511,7.598512691,75.98512691
2010 VQ139,2074,2078,2,3.40E-10,8.03,26.4,0.018,-10.32,-10.5,0,0.000376053,37605.26088,57.78197281,84.78197281,7.601445442,76.01445442
2015 WN1,2053,2114,74,0.00012,8.88,26.5,0.017,-4.9,-5.68,0,0.000387412,38741.16672,57.94519441,84.94519441,7.612174092,76.12174092
2004 FH,2098,2107,4,5.10E-06,6.97,26.1,0.02,-6.26,-6.53,0,0.000388647,38864.72,57.96265874,84.96265874,7.613321137,76.13321137
2014 FE,2034,2081,11,3.10E-06,19.86,27.6,0.01,-6.31,-6.54,0,0.00039442,39441.96,58.04352315,85.04352315,7.618630005,76.18630005
2015 TG24,2102,2115,15,8.50E-06,9.84,26.7,0.016,-6.21,-6.77,0,0.000396598,39659.76576,58.07372799,85.07372799,7.620612048,76.20612048
2007 US51,2079,2114,8,6.70E-06,15.29,27.2,0.012,-6.34,-6.66,0,0.000403979,40397.89248,58.17487017,85.17487017,7.627245255,76.27245255
2007 YM,2020,2114,239,4.40E-06,7.69,26.3,0.019,-5.91,-6.91,0,0.000405615,40561.45099,58.19703165,85.19703165,7.6286979,76.286979
2011 MX,2070,2113,21,3.20E-05,12.19,26.9,0.014,-5.51,-6,0,0.000407748,40774.76984,58.22580154,85.22580154,7.630583303,76.30583303
2013 TV132,2103,2111,4,2.30E-06,9.16,26.5,0.017,-6.74,-7.07,0,0.000412228,41222.82128,58.28574242,85.28574242,7.634509966,76.34509966
2012 UU158,2070,2078,2,1.90E-06,12.28,26.9,0.014,-6.66,-6.68,0,0.000413791,41379.08096,58.30649391,85.30649391,7.635868904,76.35868904
2013 EV27,2038,2070,4,2.50E-05,12.37,27,0.014,-5.19,-5.19,0,0.000419878,41987.83736,58.38659704,85.38659704,7.641112291,76.41112291
2016 UR36,2107,2107,2,5.10E-08,17.96,27.5,0.011,-8.59,-8.74,0,0.000429329,42932.94896,58.50868673,85.50868673,7.649097119,76.49097119
2010 JH110,2071,2092,3,5.60E-05,8.08,26.3,0.019,-5.17,-5.37,0,0.000447799,44779.94176,58.73971119,85.73971119,7.664183661,76.64183661
2008 YV32,2085,2107,9,4.30E-06,8.79,26.4,0.018,-6.32,-6.8,0,0.000450604,45060.42312,58.77395845,85.77395845,7.666417576,76.66417576
2014 WA201,2075,2084,8,0.00013,11.57,26.8,0.015,-4.85,-4.85,0,0.000451794,45179.40375,58.78842185,85.78842185,7.667360814,76.67360814
2011 UA64,2113,2113,1,3.30E-08,14.41,27.1,0.013,-8.7,-8.7,0,0.000456203,45620.28757,58.84168602,85.84168602,7.670833463,76.70833463
2015 HZ182,2039,2115,8,4.10E-09,14.48,27,0.013,-9.09,-9.28,0,0.000460646,46064.58688,58.89484459,85.89484459,7.674297661,76.74297661
2015 HE1,2098,2110,2,2.50E-07,14.6,27,0.013,-7.71,-7.89,0,0.000468313,46831.252,58.9853785,85.9853785,7.680193911,76.80193911
2010 DG77,2023,2111,144,1.50E-06,2.39,24.5,0.044,-5.54,-6.23,0,0.00048658,48657.95264,59.19525223,86.19525223,7.693845087,76.93845087
2006 WZ184,2084,2114,27,1.10E-05,7.26,26.1,0.021,-5.85,-6.77,0,0.000488125,48812.50836,59.21264642,86.21264642,7.694975401,76.94975401
2003 DW10,2046,2058,2,1.10E-07,7.83,26.1,0.02,-7.45,-7.61,0,0.000490471,49047.12,59.2389454,86.2389454,7.696684052,76.96684052
2008 EZ84,2072,2114,10,0.00022,7.91,26.2,0.02,-4.39,-4.68,0,0.000500545,50054.48,59.35045467,86.35045467,7.703924628,77.03924628
2011 TO,2055,2076,5,9.30E-06,8.55,26.3,0.019,-5.73,-5.74,0,0.00050141,50141.00475,59.3599276,86.3599276,7.704539415,77.04539415
2015 JC1,2102,2102,1,7.70E-08,15.25,27.1,0.013,-8.26,-8.26,0,0.00051094,51093.98125,59.46319336,86.46319336,7.711238121,77.11238121
2013 PS13,2096,2105,2,1.30E-06,17.26,27.3,0.012,-7.05,-7.1,0,0.000514784,51478.43328,59.50430886,86.50430886,7.713903607,77.13903607
2009 SD15,2105,2105,1,1.30E-10,13.88,26.9,0.014,-10.98,-11,0,0.000528644,52864.36736,59.65002163,86.65002163,7.723342646,77.23342646
2016 TQ18,2086,2110,3,6.90E-06,9.59,26.3,0.018,-6.13,-6.16,0,0.000536358,53635.79592,59.72948098,86.72948098,7.728485038,77.28485038
2008 WJ14,2031,2087,7,4.00E-09,10.58,26.6,0.017,-8.94,-9.4,0,0.000549944,54994.35332,59.86667723,86.86667723,7.737355958,77.37355958
2017 AA21,2020,2116,210,4.30E-06,7.71,26,0.021,-5.54,-5.85,0,0.000550512,55051.18101,59.87234196,86.87234196,7.737722014,77.37722014
2015 ET,2076,2114,9,2.60E-06,11.63,26.7,0.016,-6.58,-7.22,0,0.000554012,55401.22624,59.90710698,86.90710698,7.739968151,77.39968151
2006 UU17,2103,2111,5,1.50E-06,9.8,26.4,0.018,-6.8,-7.12,0,0.000560105,56010.528,59.96709958,86.96709958,7.743842688,77.43842688
2016 YC13,2098,2110,2,3.20E-10,13,26.7,0.015,-10.52,-10.8,0,0.000570375,57037.5,60.06675468,87.06675468,7.750274491,77.50274491
2014 JT79,2017,2114,861,1.00E-06,12.02,26.6,0.016,-6.23,-7.31,0,0.000591792,59179.17184,60.26892884,87.26892884,7.763306566,77.63306566
2013 AB65,2094,2113,8,6.70E-06,24.42,27.6,0.01,-6.35,-6.49,0,0.000596336,59633.64,60.31088872,87.31088872,7.766008545,77.66008545
2015 YC1,2100,2108,4,1.50E-06,8.16,26.1,0.021,-6.69,-6.98,0,0.000616649,61664.92416,60.49460498,87.49460498,7.77782778,77.7782778
2004 XG29,2112,2112,1,1.20E-07,5.09,25.4,0.029,-7.57,-7.57,0,0.000631873,63187.26509,60.62836591,87.62836591,7.786421894,77.86421894
2008 YD3,2020,2104,45,1.90E-07,8.46,26,0.021,-7.07,-7.55,0,0.000662825,66282.45876,60.89066352,87.89066352,7.803246986,78.03246986
2012 PB20,2066,2115,8,2.70E-06,4.03,24.9,0.035,-6.02,-6.36,0,0.000696329,69632.85875,61.16112674,88.16112674,7.820557956,78.20557956
2007 EO88,2073,2111,8,8.90E-06,10.95,26.4,0.018,-5.97,-6.49,0,0.000699271,69927.138,61.18425758,88.18425758,7.822036664,78.22036664
2008 SH148,2017,2113,163,8.10E-07,9.47,26.1,0.02,-6.57,-7.46,0,0.000717447,71744.72,61.32500039,88.32500039,7.831028055,78.31028055
2006 QV89,2019,2041,12,7.60E-05,5.16,25.3,0.03,-3.35,-3.35,0,0.000718891,71889.12,61.33602854,88.33602854,7.831732155,78.31732155
2007 EN88,2094,2104,3,1.00E-06,12.16,26.4,0.017,-6.91,-7.06,0,0.000726464,72646.36928,61.39350107,88.39350107,7.835400505,78.35400505
2015 MC131,2021,2114,30,5.90E-07,4.53,25.1,0.033,-6.27,-6.5,0,0.00073746,73745.95833,61.47589823,88.47589823,7.840656747,78.40656747
2010 JL88,2049,2115,87,5.50E-05,14.87,26.8,0.015,-5.18,-5.76,0,0.00074627,74626.95375,61.54103348,88.54103348,7.844809334,78.44809334
2016 JA6,2081,2115,8,4.00E-06,11.34,26.4,0.018,-6.29,-6.47,0,0.00074997,74996.95392,61.56815998,88.56815998,7.846538089,78.46538089
2008 DB,2046,2113,37,1.80E-05,6.97,25.7,0.025,-5.31,-6,0,0.000759077,75907.65625,61.634362,88.634362,7.850755505,78.50755505
2009 HC,2095,2113,5,3.60E-06,3.72,24.8,0.038,-5.81,-6.13,0,0.000759341,75934.06848,61.63627012,88.63627012,7.850877029,78.50877029
2011 AD3,2025,2115,65,1.80E-07,12.5,26.5,0.017,-7.57,-8.63,0,0.000767656,76765.625,61.69600801,88.69600801,7.854680643,78.54680643
2014 SR223,2063,2063,1,2.20E-06,15.23,26.8,0.015,-6.39,-6.39,0,0.000782841,78284.10375,61.80344246,88.80344246,7.861516549,78.61516549
2008 HJ,2077,2114,22,0.00023,7.53,25.7,0.024,-4.35,-4.81,0,0.000783833,78383.32416,61.81038973,88.81038973,7.86195839,78.6195839
2014 SR261,2058,2111,7,5.40E-06,15.27,26.8,0.015,-6.01,-6.08,0,0.000786959,78695.85375,61.83221527,88.83221527,7.863346315,78.63346315
2015 HS182,2018,2113,122,5.90E-08,7.56,25.8,0.024,-7.31,-8.3,0,0.000790091,79009.13664,61.85400661,88.85400661,7.86473182,78.6473182
2004 BN41,2086,2098,2,5.20E-07,7.58,25.8,0.024,-6.98,-7.07,0,0.000794277,79427.72736,61.88298847,88.88298847,7.866574126,78.66574126
2014 HR197,2017,2112,187,7.90E-08,17.02,26.9,0.014,-7.18,-7.97,0,0.000794883,79488.30176,61.88716979,88.88716979,7.866839886,78.66839886
2012 TU231,2111,2111,1,4.00E-07,9.97,26.2,0.02,-7.31,-7.31,0,0.000795207,79520.72,61.88940624,88.88940624,7.866982029,78.66982029
2016 FX13,2097,2097,1,2.20E-09,13.98,26.7,0.016,-9.6,-9.6,0,0.000800524,80052.38784,61.92595514,88.92595514,7.869304616,78.69304616
2012 XL55,2066,2066,1,4.90E-08,19.09,27,0.013,-8.08,-8.08,0,0.000800649,80064.85357,61.92680917,88.92680917,7.869358879,78.69358879
2015 KA158,2024,2113,41,3.30E-08,14,26.6,0.016,-7.89,-8.55,0,0.000802816,80281.6,61.94163725,88.94163725,7.870300963,78.70300963
2015 KW157,2042,2096,6,6.80E-09,9.36,26,0.021,-8.69,-8.97,0,0.000811353,81135.25056,61.99965051,88.99965051,7.873985681,78.73985681
2011 EC,2051,2051,1,8.90E-08,6.83,25.6,0.026,-7.34,-7.34,0,0.000819901,81990.10664,62.05713722,89.05713722,7.877635256,78.77635256
2004 RU109,2038,2053,5,4.30E-07,12.93,26.5,0.017,-6.81,-7.14,0,0.000821379,82137.94137,62.06701788,89.06701788,7.878262364,78.78262364
2012 WS3,2082,2115,31,7.30E-06,8.79,25.9,0.022,-5.91,-6.85,0,0.000822708,82270.81368,62.07588334,89.07588334,7.878824998,78.78824998
2011 SO189,2056,2090,12,0.0001,12.98,26.5,0.017,-4.74,-5.15,0,0.000827744,82774.42052,62.10935537,89.10935537,7.880948887,78.80948887
2015 EO,2050,2077,6,7.10E-06,14.25,26.6,0.016,-5.9,-6.13,0,0.000831744,83174.4,62.13579506,89.13579506,7.882626152,78.82626152
2016 BA15,2054,2108,14,1.70E-05,15.88,26.8,0.015,-5.46,-5.57,0,0.000851089,85108.86,62.26189937,89.26189937,7.890620975,78.90620975
2013 TP4,2026,2026,1,6.20E-05,25.3,27.5,0.011,-4.36,-4.36,0,0.00085196,85195.979,62.26751086,89.26751086,7.890976546,78.90976546
2016 NJ56,2035,2079,10,5.50E-08,4.94,25.1,0.033,-7.16,-7.3,0,0.000876992,87699.21732,62.42634417,89.42634417,7.901034373,79.01034373
2010 FD,2085,2104,2,1.40E-06,9.79,26,0.021,-6.57,-6.6,0,0.000887612,88761.22101,62.49236423,89.49236423,7.905211207,79.05211207
2007 TL16,2074,2092,10,9.10E-06,11.43,26.2,0.019,-5.8,-5.91,0,0.000896093,89609.33691,62.54452299,89.54452299,7.90850953,79.0850953
2011 BH40,2023,2115,63,1.30E-07,5.31,25.1,0.032,-6.8,-7.47,0,0.00092393,92392.98048,62.71231163,89.71231163,7.919110533,79.19110533
2014 UD57,2086,2108,4,7.00E-06,8.72,25.8,0.023,-5.81,-5.9,0,0.000925159,92515.92128,62.71960503,89.71960503,7.919571013,79.19571013
2015 UR67,2091,2091,1,4.90E-06,11.63,26.3,0.019,-6.12,-6.12,0,0.000927727,92772.70771,62.73480755,89.73480755,7.920530762,79.20530762
2015 XP,2067,2067,1,1.20E-06,8.23,25.8,0.024,-6.43,-6.43,0,0.00093634,93633.96096,62.7854908,89.7854908,7.923729602,79.23729602
2011 ES4,2031,2112,48,2.90E-05,7.75,25.7,0.025,-5.01,-5.39,0,0.000938477,93847.65625,62.79799421,89.79799421,7.924518548,79.24518548
2010 XU,2065,2065,1,1.50E-10,6.22,25.4,0.029,-10.17,-10.2,0,0.000943571,94357.13876,62.82768978,89.82768978,7.926391977,79.26391977
2008 YC3,2090,2092,2,8.30E-09,6.24,25.4,0.029,-8.6,-8.66,0,0.000949649,94964.91264,62.86290532,89.86290532,7.928613076,79.28613076
2009 EW,2075,2081,4,1.80E-06,12.83,26.4,0.018,-6.48,-6.68,0,0.000959999,95999.91048,62.92235948,89.92235948,7.932361532,79.32361532
2017 AE21,2020,2117,90,3.20E-06,4.97,25,0.034,-4.87,-5.42,0,0.000970844,97084.41736,62.98397383,89.98397383,7.936244315,79.36244315
2010 TD,2072,2091,5,2.70E-06,18.86,26.9,0.014,-6.34,-6.75,0,0.00097604,97603.97024,63.01324787,90.01324787,7.938088427,79.38088427
2012 VZ19,2101,2101,2,4.50E-10,7.92,25.6,0.025,-10,-10.2,0,0.0009801,98010,63.03601722,90.03601722,7.93952248,79.3952248
2015 DD54,2114,2114,1,2.60E-06,6.7,25.4,0.028,-6.25,-6.25,0,0.000985425,98542.528,63.06573777,90.06573777,7.941393944,79.41393944
2007 YS56,2104,2113,3,6.10E-06,9.14,25.8,0.023,-5.99,-6.25,0,0.001016426,101642.6313,63.23562901,90.23562901,7.952083312,79.52083312
2011 BU59,2089,2113,11,8.50E-06,11.34,26.2,0.02,-5.88,-6.05,0,0.001028765,102876.48,63.30180878,90.30180878,7.956243384,79.56243384
2011 BG10,2051,2074,4,2.20E-06,12.29,26.3,0.019,-6.13,-6.39,0,0.001036011,103601.1482,63.34030871,90.34030871,7.958662495,79.58662495
2009 BE,2061,2114,26,0.00065,11.46,26.1,0.02,-3.86,-4.15,0,0.001050653,105065.28,63.41727963,90.41727963,7.963496696,79.63496696
2015 VK1,2103,2109,2,4.00E-07,14.73,26.5,0.017,-7.27,-7.5,0,0.001065988,106598.7858,63.49675597,90.49675597,7.968485174,79.68485174
2009 OW6,2080,2115,2,4.90E-06,6.65,25.3,0.029,-5.81,-6.01,0,0.001078543,107854.2553,63.56097606,90.56097606,7.972513785,79.72513785
2014 HK197,2057,2115,16,3.30E-09,18.05,26.7,0.015,-9.28,-10.2,0,0.001099583,109958.3438,63.66694693,90.66694693,7.979157031,79.79157031
2012 CU,2040,2100,4,9.70E-07,10.94,26,0.021,-6.64,-7.05,0,0.00110839,110838.982,63.71069893,90.71069893,7.981898204,79.81898204
2007 UT3,2065,2115,5,2.80E-07,9.05,25.7,0.024,-7.08,-7.4,0,0.00113222,113222.016,63.82737246,90.82737246,7.989203494,79.89203494
2016 TQ2,2110,2115,7,3.80E-06,15.21,26.4,0.017,-6.29,-6.56,0,0.001136594,113659.3563,63.84851773,90.84851773,7.990526749,79.90526749
2015 TL21,2061,2094,3,2.50E-06,15.32,26.4,0.017,-6.21,-6.36,0,0.001153093,115309.2891,63.92756552,90.92756552,7.995471563,79.95471563
2014 MB6,2075,2075,1,1.40E-08,13.07,26.2,0.019,-8.49,-8.49,0,0.001171688,117168.7989,64.01530957,91.01530957,8.000956791,80.00956791
2002 AN129,2080,2080,1,2.00E-08,11.35,26.1,0.021,-8.34,-8.34,0,0.001193025,119302.5173,64.11429298,91.11429298,8.007140125,80.07140125
2016 TT,2084,2095,3,4.50E-07,11.59,26,0.021,-6.98,-6.99,0,0.001244013,124401.2534,64.34383153,91.34383153,8.021460686,80.21460686
2005 UA1,2036,2036,1,6.40E-08,14.68,26.4,0.018,-7.38,-7.38,0,0.00125681,125680.9997,64.39996692,91.39996692,8.024958998,80.24958998
2009 JF1,2022,2022,1,0.00024,23.92,27.1,0.013,-3.43,-3.43,0,0.00125705,125704.9581,64.40101239,91.40101239,8.025024136,80.25024136
2014 HN198,2019,2115,170,1.20E-07,9.65,25.7,0.024,-7.01,-7.77,0,0.001287325,128732.544,64.53154764,91.53154764,8.033153033,80.33153033
2012 RU16,2077,2089,2,1.10E-07,8.66,25.6,0.026,-7.48,-7.64,0,0.001318123,131812.2666,64.6612182,91.6612182,8.041219945,80.41219945
2016 LG10,2108,2108,3,3.30E-06,8.69,25.6,0.026,-6.11,-6.44,0,0.001327271,132727.0974,64.69915356,91.69915356,8.043578405,80.43578405
2015 UH52,2075,2101,3,1.10E-06,11.19,26,0.022,-6.59,-6.85,0,0.001333301,133330.1033,64.72401574,91.72401574,8.045123724,80.45123724
2012 VE77,2035,2035,1,2.40E-06,15.28,26.4,0.018,-5.77,-5.77,0,0.001361646,136164.6029,64.8393967,91.8393967,8.052291394,80.52291394
2006 WV29,2036,2110,13,4.20E-06,16.77,26.5,0.017,-6.05,-6.64,0,0.001381697,138169.7238,64.91957561,91.91957561,8.057268495,80.57268495
2015 EG,2115,2115,1,3.40E-08,9.56,25.7,0.025,-8.15,-8.15,0,0.001428025,142802.5,65.1004634,92.1004634,8.068485819,80.68485819
2002 TY59,2084,2114,3,2.50E-05,8.22,25.4,0.028,-5.21,-5.45,0,0.001483262,148326.1517,65.30861772,92.30861772,8.081374742,80.81374742
2016 FV13,2114,2114,1,2.00E-05,11.06,25.9,0.023,-5.44,-5.44,0,0.001488311,148831.1241,65.32725892,92.32725892,8.082528003,80.82528003
1998 DK36,2027,2100,17,5.60E-07,6.19,25,0.034,-6.45,-6.48,0,0.001505976,150597.5994,65.39197484,92.39197484,8.086530457,80.86530457
2016 FW3,2102,2102,2,3.50E-07,8.79,25.5,0.027,-7.02,-7.28,0,0.001520789,152078.928,65.44566171,92.44566171,8.089849301,80.89849301
2011 DX4,2023,2108,22,5.10E-08,17.65,26.5,0.017,-7.75,-8.15,0,0.00153051,153051.0043,65.48060863,92.48060863,8.092008937,80.92008937
2012 HE31,2094,2094,1,8.80E-08,10.6,25.7,0.024,-7.64,-7.64,0,0.001553265,155326.464,65.56155295,92.56155295,8.097008889,80.97008889
2014 HN199,2038,2110,14,1.10E-08,18.04,26.4,0.017,-8.34,-8.73,0,0.001598895,159889.4581,65.72035792,92.72035792,8.106809355,81.06809355
2014 HJ198,2022,2115,114,6.40E-07,21.89,26.8,0.015,-6.8,-7.7,0,0.001617206,161720.5838,65.78281551,92.78281551,8.110660608,81.10660608
2017 BE30,2100,2100,1,1.10E-07,16.69,26.3,0.018,-7.69,-7.69,0,0.001624539,162453.9175,65.80763058,92.80763058,8.112190245,81.12190245
2009 FG,2022,2103,31,8.00E-06,9.12,25.5,0.027,-5.47,-5.91,0,0.001637122,163712.1715,65.84994843,92.84994843,8.114798114,81.14798114
2009 HS44,2111,2111,1,7.00E-06,18.29,26.6,0.017,-5.99,-5.99,0,0.001643517,164351.6903,65.87133236,92.87133236,8.116115596,81.16115596
2010 NH,2089,2092,2,1.50E-06,10.29,25.7,0.025,-6.38,-6.43,0,0.001654439,165443.9063,65.90766168,92.90766168,8.118353384,81.18353384
2002 XV90,2101,2114,4,1.70E-08,7.61,25.2,0.031,-8.28,-8.54,0,0.001725259,172525.9371,66.13755979,93.13755979,8.132500218,81.32500218
2008 JL3,2027,2113,22,8.50E-05,8.42,25.3,0.029,-3.72,-3.73,0,0.001729092,172909.23,66.14973164,93.14973164,8.133248529,81.33248529
2008 XU2,2039,2039,1,2.10E-07,9.93,25.6,0.026,-6.69,-6.69,0,0.00173308,173307.9722,66.16236549,93.16236549,8.134025171,81.34025171
2010 VO139,2022,2114,192,1.60E-06,20.58,26.6,0.016,-6.22,-7.37,0,0.001734805,173480.5094,66.16782319,93.16782319,8.134360651,81.34360651
2008 BC15,2072,2094,2,8.70E-07,20.64,26.6,0.016,-6.73,-6.89,0,0.001744935,174493.5322,66.19975809,93.19975809,8.136323377,81.36323377
2009 JL2,2057,2113,10,3.60E-06,12.83,26,0.022,-5.99,-6.45,0,0.001752756,175275.5567,66.22428437,93.22428437,8.137830446,81.37830446
2010 TN55,2066,2111,21,2.80E-06,25.37,27,0.014,-6.33,-6.88,0,0.00176614,176613.9654,66.26600746,93.26600746,8.140393569,81.40393569
2011 AZ36,2026,2114,144,3.00E-07,7.4,25.1,0.032,-6.78,-8.11,0,0.001794376,179437.568,66.35300196,93.35300196,8.145735201,81.45735201
2007 VE8,2062,2062,1,2.20E-05,9.05,25.4,0.028,-4.92,-4.92,0,0.001797924,179792.368,66.36383632,93.36383632,8.146400206,81.46400206
2013 VW13,2071,2084,9,0.00044,16.35,26.2,0.019,-3.92,-4.09,0,0.001833565,183356.5028,66.47150152,93.47150152,8.153005674,81.53005674
2007 CS5,2108,2109,2,1.30E-07,5,24.5,0.042,-7.11,-7.37,0,0.0018522,185220,66.52696368,93.52696368,8.156406297,81.56406297
2007 DS7,2053,2114,19,1.90E-05,12.39,25.8,0.023,-5.27,-5.52,0,0.001867782,186778.1721,66.57291194,93.57291194,8.159222509,81.59222509
2014 WZ365,2047,2114,7,7.80E-08,11,25.7,0.025,-7.45,-7.78,0,0.001890625,189062.5,66.63958525,93.63958525,8.16330725,81.6330725
2005 AU3,2081,2114,24,1.20E-05,14.4,26,0.021,-5.55,-6.18,0,0.001920361,192036.096,66.72517966,93.72517966,8.168548198,81.68548198
1993 UA,2111,2111,2,7.10E-07,9.4,25.4,0.028,-6.72,-6.88,0,0.001939679,193967.872,66.78007818,93.78007818,8.171907866,81.71907866
2015 KH158,2043,2115,21,7.00E-08,14.5,26,0.021,-7.61,-8.03,0,0.001947125,194712.525,66.80109436,93.80109436,8.173193645,81.73193645
2012 BA77,2025,2088,23,3.60E-05,12.72,25.8,0.023,-4.61,-5.13,0,0.001968601,196860.1133,66.86125813,93.86125813,8.176873371,81.76873371
2014 HO197,2091,2091,1,2.20E-10,14.63,26,0.021,-10.24,-10.2,0,0.001982196,198219.5731,66.89900451,93.89900451,8.179181164,81.79181164
2004 XB45,2035,2035,1,3.90E-07,17.02,26.3,0.019,-6.48,-6.48,0,0.001986918,198691.7864,66.9120553,93.9120553,8.17997893,81.7997893
2015 HQ182,2020,2114,216,1.60E-07,6.9,24.9,0.035,-6.65,-7.29,0,0.002041279,204127.875,67.06010046,94.06010046,8.189023169,81.89023169
2008 OO8,2109,2109,1,6.30E-08,8.31,25.2,0.031,-7.69,-7.69,0,0.00205725,205725.0275,67.10284814,94.10284814,8.191632813,81.91632813
2014 CR13,2103,2113,16,9.90E-05,12.29,25.7,0.024,-4.61,-4.69,0,0.002088034,208803.3638,67.18431139,94.18431139,8.19660365,81.9660365
2011 OB26,2100,2115,17,4.40E-05,11,25.6,0.026,-4.92,-5.13,0,0.002126696,212669.6,67.28494031,94.28494031,8.202739805,82.02739805
2013 BL18,2070,2092,5,2.40E-05,14.19,26,0.022,-5.16,-5.27,0,0.00214404,214403.9753,67.32948898,94.32948898,8.205454831,82.05454831
2009 WP6,2067,2114,63,3.80E-05,25.34,26.8,0.015,-5.01,-5.3,0,0.00216714,216714.015,67.38826761,94.38826761,8.20903573,82.0903573
2011 UR63,2110,2110,2,2.90E-07,12.57,25.7,0.024,-7.14,-7.26,0,0.00218426,218425.9738,67.43142533,94.43142533,8.211663981,82.11663981
2012 XM16,2081,2107,2,2.10E-06,12.68,25.8,0.024,-6.16,-6.25,0,0.002222656,222265.5898,67.52700291,94.52700291,8.217481543,82.17481543
2005 XA8,2069,2086,21,9.10E-05,12.08,25.6,0.025,-4.43,-4.54,0,0.0022801,228010,67.66695603,94.66695603,8.225992708,82.25992708
2014 OY391,2018,2112,128,8.80E-07,14.81,26,0.022,-5.88,-6.43,0,0.002335491,233549.0793,67.79860671,94.79860671,8.233990934,82.33990934
2011 YQ1,2113,2113,1,1.20E-06,11.65,25.6,0.026,-6.51,-6.51,0,0.002385459,238545.866,67.91471672,94.91471672,8.24103857,82.4103857
2017 AF21,2032,2108,12,1.90E-08,8.2,25.1,0.033,-7.73,-8.36,0,0.002416404,241640.388,67.9854106,94.9854106,8.245326591,82.45326591
2013 WZ44,2111,2111,1,3.20E-06,12.56,25.7,0.025,-6.09,-6.09,0,0.0024649,246490,68.09439828,95.09439828,8.251933003,82.51933003
2008 YC29,2050,2114,28,5.40E-07,10.79,25.4,0.028,-6.78,-7.04,0,0.002555742,255574.1843,68.29290082,95.29290082,8.263951889,82.63951889
2004 VM24,2072,2114,20,1.50E-05,12.86,25.7,0.025,-5.26,-5.72,0,0.002584056,258405.625,68.35333154,95.35333154,8.267607365,82.67607365
2016 JO38,2018,2115,466,9.60E-07,7.41,24.8,0.037,-5.61,-6.27,0,0.00278126,278125.9989,68.75670515,95.75670515,8.291966302,82.91966302
2010 XQ,2021,2112,60,1.90E-07,9.82,25.2,0.031,-6.71,-7.31,0,0.002872818,287281.7628,68.93435415,95.93435415,8.302671507,83.02671507
2013 HT14,2043,2077,4,2.30E-06,20.53,26.3,0.019,-6.05,-6.22,0,0.002890937,289093.7493,68.96884015,95.96884015,8.304748049,83.04748049
2015 CL13,2090,2106,4,9.40E-08,13.69,25.7,0.025,-7.49,-7.73,0,0.002928377,292837.6563,69.0394152,96.0394152,8.308996041,83.08996041
2014 FX32,2076,2108,3,3.10E-06,9.05,25.1,0.033,-5.71,-5.71,0,0.00294333,294333.0143,69.06735182,96.06735182,8.310676977,83.10676977
2009 RR,2102,2114,20,1.30E-05,12.95,25.6,0.026,-5.38,-6.12,0,0.002947539,294753.914,69.07518957,96.07518957,8.311148511,83.11148511
2012 SY49,2031,2114,19,1.50E-05,15.65,25.8,0.023,-5.01,-5.27,0,0.002979972,297997.2058,69.13521149,96.13521149,8.314758655,83.14758655
2007 KE4,2026,2115,4,3.00E-06,10.09,25.2,0.031,-5.24,-5.33,0,0.003032965,303296.5107,69.23189123,96.23189123,8.320570367,83.20570367
2009 FZ4,2017,2114,434,2.90E-06,10.11,25.2,0.031,-5.21,-6.03,0,0.003045001,304500.0671,69.25361328,96.25361328,8.321875587,83.21875587
2008 CC71,2034,2082,23,0.00012,8.1,24.9,0.036,-3.95,-4.01,0,0.0030611,306110.016,69.28253613,96.28253613,8.323613166,83.23613166
2005 SO1,2110,2110,8,4.40E-06,12.02,25.4,0.028,-5.82,-6.32,0,0.003171634,317163.3741,69.47709595,96.47709595,8.335292194,83.35292194
2014 HC196,2112,2112,1,2.00E-10,10.36,25.2,0.031,-10.12,-10.1,0,0.003197456,319745.6114,69.52157066,96.52157066,8.337959622,83.37959622
2005 VP,2053,2094,12,9.30E-08,12.86,25.5,0.027,-7.15,-7.56,0,0.003255167,325516.6667,69.61968275,96.61968275,8.343841007,83.43841007
2006 HX57,2045,2065,2,3.20E-06,10.53,25.2,0.031,-5.62,-5.63,0,0.003303253,330325.2892,69.70011334,96.70011334,8.348659374,83.48659374
2009 FZ10,2111,2115,5,1.30E-05,13.01,25.5,0.027,-5.37,-5.37,0,0.003331547,333154.6548,69.74689287,96.74689287,8.351460523,83.51460523
2014 GY44,2074,2083,3,3.40E-06,12.32,25.4,0.028,-5.75,-5.9,0,0.003331927,333192.7245,69.74751959,96.74751959,8.351498045,83.51498045
2012 HB25,2062,2062,1,6.70E-09,8.95,24.9,0.035,-8.2,-8.2,0,0.003434395,343439.4688,69.91365355,96.91365355,8.361438486,83.61438486
2015 HW182,2017,2115,174,5.70E-08,10.76,25.2,0.031,-6.69,-7.17,0,0.00344913,344913.0482,69.93713664,96.93713664,8.362842617,83.62842617
2010 TW149,2062,2113,42,8.60E-06,17.04,25.9,0.023,-5.53,-5.97,0,0.00353283,353282.9587,70.06864587,97.06864587,8.370701636,83.70701636
2011 WN69,2038,2109,3,3.10E-07,23.03,26.2,0.019,-7.04,-7.27,0,0.003637883,363788.2593,70.22936562,97.22936562,8.380296273,83.80296273
2014 JV79,2021,2114,164,2.90E-07,11.17,25.2,0.031,-6.29,-7.12,0,0.00371699,371699.03,70.34735756,97.34735756,8.387333161,83.87333161
2009 FJ,2058,2111,5,1.40E-06,8.94,24.9,0.036,-5.86,-5.93,0,0.003728915,372891.5482,70.36492627,97.36492627,8.388380432,83.88380432
2012 VV76,2074,2094,2,4.80E-08,14.69,25.6,0.026,-7.69,-7.76,0,0.003792832,379283.2254,70.45814399,97.45814399,8.393934953,83.93934953
2016 CY135,2103,2114,5,1.60E-06,6.74,24.4,0.044,-5.93,-6.14,0,0.003869705,386970.4678,70.56819767,97.56819767,8.400487942,84.00487942
2001 VM5,2042,2042,1,1.40E-08,9.18,24.9,0.036,-7.59,-7.59,0,0.003931813,393181.3094,70.65552948,97.65552948,8.405684355,84.05684355
2007 EV,2088,2109,5,5.00E-06,10.58,25,0.033,-5.59,-5.78,0,0.004022658,402265.8407,70.78081534,97.78081534,8.413133503,84.13133503
2012 EK5,2070,2111,14,3.70E-05,15.13,25.5,0.026,-4.77,-5.03,0,0.004023443,402344.3434,70.78188561,97.78188561,8.41319711,84.1319711
2008 EV84,2041,2106,4,5.60E-07,12.94,25.3,0.029,-6.1,-6.1,0,0.004083782,408378.196,70.86352926,97.86352926,8.41804783,84.1804783
2009 HW67,2046,2079,5,2.10E-06,22.63,26.1,0.02,-5.93,-6.23,0,0.004096935,409693.52,70.88116663,97.88116663,8.419095357,84.19095357
2011 AK37,2097,2097,1,6.00E-06,11.87,25.2,0.031,-5.51,-5.51,0,0.00419746,419745.9548,71.01412014,98.01412014,8.426987607,84.26987607
2013 XT23,2055,2069,2,1.00E-09,8.42,24.7,0.039,-8.88,-8.94,0,0.004205504,420550.3552,71.02462117,98.02462117,8.427610644,84.27610644
2012 QV17,2083,2083,1,2.50E-08,10.87,25,0.033,-7.77,-7.77,0,0.004246205,424620.4515,71.07744812,98.07744812,8.430744221,84.30744221
2001 SD286,2080,2080,1,5.20E-08,12.56,25.2,0.03,-7.49,-7.49,0,0.004259347,425934.72,71.09439828,98.09439828,8.43174942,84.3174942
2016 JB29,2090,2090,1,2.30E-07,8.56,24.7,0.039,-6.78,-6.78,0,0.004346517,434651.6678,71.20551433,98.20551433,8.438335993,84.38335993
2008 BN16,2067,2083,3,4.00E-08,18.98,25.9,0.023,-7.7,-7.87,0,0.004383045,438304.4947,71.25141629,98.25141629,8.441055401,84.41055401
2006 SC,2043,2109,8,1.70E-06,12.21,25.2,0.031,-5.97,-6.53,0,0.004441364,444136.4423,71.32391433,98.32391433,8.44534868,84.4534868
2010 MA113,2033,2114,469,5.20E-06,3.06,23.4,0.078,-4.47,-5.35,0,0.004443515,444351.5107,71.32656965,98.32656965,8.445505885,84.45505885
2013 HT150,2049,2113,75,1.60E-05,14.34,25.4,0.028,-5.08,-5.62,0,0.004514113,451411.2691,71.41302618,98.41302618,8.450622828,84.50622828
2016 SK2,2073,2081,4,2.10E-06,13.64,25.3,0.029,-5.88,-5.91,0,0.004537564,453756.3694,71.44144626,98.44144626,8.452304198,84.52304198
2012 BY1,2043,2074,6,3.50E-06,18.2,25.8,0.024,-5.48,-5.59,0,0.004579062,457906.176,71.49137938,98.49137938,8.455257499,84.55257499
1997 UA11,2073,2073,1,4.40E-07,11.96,25.1,0.032,-6.48,-6.48,0,0.004687187,468718.7149,71.61938688,98.61938688,8.462823812,84.62823812
2006 BM8,2106,2115,10,2.60E-06,14.81,25.4,0.028,-5.96,-6.43,0,0.004814866,481486.6067,71.76679447,98.76679447,8.471528461,84.71528461
2014 HE197,2028,2098,28,7.50E-09,16.56,25.5,0.026,-8.15,-9.13,0,0.00481993,481992.9754,71.7725597,98.7725597,8.471868725,84.71868725
2015 KH160,2097,2107,2,1.80E-08,29.2,26.4,0.018,-8.24,-8.25,0,0.004972596,497259.648,71.94359148,98.94359148,8.481956819,84.81956819
2017 BO32,2048,2094,56,1.10E-05,8.76,24.6,0.041,-4.96,-5.65,0,0.005288832,528883.213,72.28175948,99.28175948,8.501868,85.01868
2000 SB45,2074,2113,98,0.00015,7.53,24.3,0.046,-3.8,-4.3,0,0.005519039,551903.8802,72.51544695,99.51544695,8.515600211,85.15600211
2016 WN1,2112,2112,1,1.00E-06,15.09,25.3,0.029,-6.32,-6.32,0,0.005553573,555357.2851,72.54965993,99.54965993,8.517608815,85.17608815
2006 BC8,2050,2115,24,4.70E-06,13.18,25.1,0.032,-5.56,-6.17,0,0.005692208,569220.7923,72.68489753,99.68489753,8.525543826,85.25543826
2011 CU46,2033,2115,420,1.80E-05,16.18,25.4,0.028,-4.91,-5.96,0,0.005746867,574686.6765,72.73731365,99.73731365,8.528617335,85.28617335
1997 TC25,2096,2096,1,3.00E-07,9.89,24.7,0.039,-6.66,-6.66,0,0.005802116,580211.596,72.78979167,99.78979167,8.531693365,85.31693365
443104 (2013 XK22),2101,2102,2,1.90E-05,6.9,24.2,0.05,-4.69,-4.69,0,0.00595125,595125,72.92898865,99.92898865,8.539847109,85.39847109
2012 LJ,2051,2072,2,3.50E-06,18.69,25.6,0.026,-5.57,-5.6,0,0.00613958,613957.9774,73.09986816,100.0998682,8.54984609,85.4984609
2004 VZ14,2076,2114,4,2.10E-06,15.26,25.3,0.03,-5.92,-6.39,0,0.006287425,628742.52,73.23038119,100.2303812,8.557475165,85.57475165
2015 XA378,2092,2115,19,5.30E-05,17.9,25.5,0.027,-4.61,-4.82,0,0.00630663,630663.003,73.24710893,100.2471089,8.558452485,85.58452485
2014 JU15,2079,2114,71,5.40E-05,10.34,24.7,0.039,-4.35,-5.07,0,0.006342126,634212.6476,73.27789329,100.2778933,8.560250773,85.60250773
2012 CL17,2095,2112,18,1.40E-06,21.54,25.7,0.024,-6.15,-6.75,0,0.006413943,641394.3398,73.33965317,100.3396532,8.563857377,85.63857377
2013 BR15,2107,2110,2,1.30E-08,14.11,25.1,0.032,-8.13,-8.18,0,0.00652385,652384.9933,73.43284241,100.4328424,8.569296494,85.69296494
2011 UM169,2100,2107,19,1.70E-05,13.95,25,0.033,-4.97,-5.25,0,0.00699343,699343.0043,73.81407248,100.8140725,8.591511653,85.91511653
2010 KJ37,2024,2114,47,1.90E-07,6.61,23.9,0.055,-5.89,-6.07,0,0.007269273,726927.3138,74.02625344,101.0262534,8.603851082,86.03851082
2007 EZ25,2087,2087,1,7.90E-08,20.73,25.6,0.026,-7.27,-7.27,0,0.007552985,755298.545,74.23624837,101.2362484,8.616045983,86.16045983
2014 HE199,2039,2039,1,2.40E-08,14.5,25,0.033,-7.24,-7.24,0,0.007555754,755575.425,74.23825865,101.2382586,8.61616264,86.1616264
2011 SE191,2098,2098,1,7.20E-09,14.57,25.1,0.033,-8.32,-8.32,0,0.007628882,762888.2451,74.29108806,101.2910881,8.619227811,86.19227811
2013 RR43,2050,2057,2,1.40E-07,18.99,25.4,0.028,-6.7,-6.79,0,0.007916332,791633.2435,74.49395302,101.493953,8.630987952,86.30987952
2009 TH8,2068,2100,4,1.20E-05,13.03,24.9,0.036,-5.04,-5.13,0,0.007921298,792129.767,74.4973921,101.4973921,8.631187178,86.31187178
2003 XK,2106,2110,2,2.00E-08,18.04,25.4,0.029,-7.95,-7.95,0,0.007937195,793719.5182,74.50838872,101.5083887,8.631824183,86.31824183
2008 YO2,2052,2114,46,5.50E-06,16.48,25.2,0.031,-5.36,-5.9,0,0.00809095,809094.9606,74.61362117,101.6136212,8.637917641,86.37917641
2012 TV,2070,2096,12,2.00E-06,16.66,25.2,0.031,-5.72,-6.1,0,0.008268659,826865.888,74.73278549,101.7327855,8.644812635,86.44812635
2016 JP38,2020,2087,28,1.80E-08,10.02,24.4,0.044,-6.74,-7.08,0,0.008552508,855250.7674,74.91791009,101.9179101,8.655513277,86.55513277
2007 XZ9,2056,2089,3,1.10E-06,13.01,24.8,0.037,-5.89,-5.94,0,0.008573532,857353.1845,74.93137658,101.9313766,8.656291156,86.56291156
2008 VS4,2017,2114,300,5.90E-07,8.31,24.1,0.051,-5.44,-6.6,0,0.009160361,916036.0721,75.2945031,102.2945031,8.677240523,86.77240523
2010 UC7,2112,2112,8,2.00E-06,13.28,24.7,0.038,-5.82,-6.43,0,0.009677138,967713.8125,75.59551332,102.5955133,8.694568035,86.94568035
2002 VU17,2084,2099,5,9.30E-06,13.69,24.8,0.038,-5.06,-5.49,0,0.010283896,1028389.624,75.92906131,102.9290613,8.713728325,87.13728325
2005 UL6,2029,2072,5,4.20E-07,12.02,24.5,0.042,-6.15,-6.51,0,0.010704264,1070426.388,76.14879921,103.1487992,8.726327934,87.26327934
2011 QF48,2067,2067,2,2.00E-07,19.93,25.3,0.03,-6.6,-6.87,0,0.010724532,1072453.23,76.15917484,103.1591748,8.726922415,87.26922415
2005 TM173,2017,2111,123,9.00E-07,8.79,24.1,0.052,-5.41,-6.42,0,0.010863951,1086395.057,76.23001762,103.2300176,8.730980335,87.30980335
2005 QK76,2030,2083,7,7.70E-05,19.66,25.2,0.031,-3.54,-3.72,0,0.011514686,1151468.624,76.5490872,103.5490872,8.749233521,87.49233521
2010 GM23,2087,2114,29,5.50E-05,13.44,24.7,0.04,-4.31,-4.94,0,0.01156055,1156055.04,76.57089038,103.5708904,8.750479437,87.50479437
2007 SN6,2022,2059,2,6.00E-08,18.34,25,0.033,-6.88,-7,0,0.012087611,1208761.12,76.81541761,103.8154176,8.764440519,87.64440519
2012 WQ3,2040,2040,1,1.90E-09,23.77,25.4,0.028,-8.3,-8.3,0,0.012403163,1240316.318,76.9567639,103.9567639,8.772500436,87.72500436
2015 FA345,2024,2102,23,1.50E-07,9.5,24.1,0.052,-6.19,-6.44,0,0.012689872,1268987.2,77.08210651,104.0821065,8.779641594,87.79641594
2016 AU193,2109,2109,1,3.10E-07,21.77,25.3,0.03,-6.63,-6.63,0,0.012796188,1279618.83,77.1278671,104.1278671,8.78224727,87.8224727
2009 MU,2096,2096,1,6.80E-09,13.27,24.5,0.042,-8.11,-8.11,0,0.013046371,1304637.078,77.23406769,104.2340677,8.788291511,87.88291511
2016 PA79,2029,2116,13,1.40E-08,10.42,24.2,0.05,-7.5,-8.11,0,0.01357205,1357205,77.4507318,104.4507318,8.80060974,88.0060974
2002 CB19,2049,2049,1,1.90E-08,15.73,24.8,0.038,-7.31,-7.31,0,0.013577138,1357713.809,77.45278764,104.4527876,8.80072654,88.0072654
1999 RZ31,2056,2056,2,1.20E-06,8.2,23.8,0.059,-5.35,-5.42,0,0.013809684,1380968.396,77.54593475,104.5459348,8.806016963,88.06016963
2008 ST7,2074,2112,24,2.60E-05,9.98,24.1,0.052,-4.42,-4.77,0,0.014004613,1400461.304,77.62281374,104.6228137,8.810381021,88.10381021
1995 CS,2042,2073,9,7.10E-06,25.43,25.5,0.028,-4.73,-4.75,0,0.014196027,1419602.692,77.69727204,104.697272,8.814605609,88.14605609
2011 DV10,2093,2093,1,9.30E-07,16.27,24.8,0.038,-5.97,-5.97,0,0.014525326,1452532.625,77.8230478,104.8230478,8.821737232,88.21737232
2001 YN2,2020,2020,1,1.40E-09,18.49,24.9,0.035,-7.65,-7.65,0,0.014658109,1465810.929,77.87295936,104.8729594,8.824565675,88.24565675
2007 EE126,2062,2092,4,5.70E-08,30.8,25.6,0.025,-7.13,-7.44,0,0.0148225,1482250,77.93412919,104.9341292,8.828030878,88.28030878
2010 UZ7,2111,2111,1,3.10E-09,15.96,24.7,0.039,-8.52,-8.52,0,0.015109831,1510983.059,78.03943362,105.0394336,8.833993074,88.33993074
2011 CW46,2021,2113,14,9.00E-09,16.62,24.7,0.039,-7.51,-7.9,0,0.016385355,1638535.518,78.48393616,105.4839362,8.859115992,88.59115992
2007 DX40,2035,2114,34,3.90E-05,15.55,24.6,0.041,-4.08,-4.61,0,0.01666527,1666527.01,78.57684322,105.5768432,8.864358027,88.64358027
2010 LF64,2025,2105,6,6.70E-09,5.12,23,0.086,-7.08,-7.23,0,0.016673826,1667382.641,78.57965852,105.5796585,8.864516824,88.64516824
2011 BF40,2083,2083,1,1.90E-06,18.5,24.8,0.037,-5.58,-5.58,0,0.017335989,1733598.925,78.79326154,105.7932615,8.876556852,88.76556852
2008 UY91,2018,2107,36,2.10E-08,16.2,24.6,0.041,-6.95,-7.74,0,0.018087627,1808762.724,79.02605619,106.0260562,8.889660072,88.89660072
2010 QG2,2051,2064,5,2.10E-06,12.88,24.2,0.048,-5.15,-5.2,0,0.018346593,1834659.348,79.10402716,106.1040272,8.894044477,88.94044477
2010 CA,2022,2022,1,2.50E-09,14.7,24.4,0.044,-7.32,-7.32,0,0.018407411,1840741.056,79.12217869,106.1221787,8.89506485,88.9506485
2015 XQ129,2085,2085,1,5.30E-10,15.3,24.4,0.044,-9.04,-9.04,0,0.019940723,1994072.256,79.56102241,106.5610224,8.91969856,89.1969856
2017 BL30,2029,2052,9,0.00038,7.16,23.3,0.073,-2.17,-2.17,0,0.01994319,1994318.992,79.56170103,106.561701,8.919736601,89.19736601
2015 RN35,2065,2111,9,1.20E-05,5.72,23,0.085,-4.24,-4.43,0,0.020093187,2009318.74,79.60279927,106.6027993,8.922040084,89.22040084
2008 EX5,2062,2083,11,2.70E-05,9.92,23.8,0.059,-4.13,-4.43,0,0.020210608,2021060.803,79.63475815,106.6347582,8.923830912,89.23830912
2014 MO68,2017,2114,262,1.50E-06,8.36,23.5,0.067,-5.06,-6.04,0,0.021020206,2102020.576,79.8501827,106.8501827,8.935892943,89.35892943
2006 HF6,2068,2110,22,8.90E-06,16.4,24.5,0.043,-4.73,-5.27,0,0.021384203,2138420.272,79.94434767,106.9443477,8.941160309,89.41160309
2014 HD199,2098,2098,1,1.20E-10,17.01,24.5,0.042,-9.76,-9.76,0,0.021436629,2143662.933,79.95777807,106.9577781,8.941911321,89.41911321
2008 DA4,2091,2100,2,4.20E-07,11.13,23.9,0.056,-6.09,-6.28,0,0.021754766,2175476.567,80.03857891,107.0385789,8.946428276,89.46428276
2014 JU79,2026,2101,12,7.40E-09,6.25,23,0.083,-7.12,-7.69,0,0.02233543,2233542.969,80.18305633,107.1830563,8.954499223,89.54499223
2014 MR67,2035,2076,2,6.90E-10,9.72,23.7,0.062,-8.3,-8.35,0,0.022516848,2251684.812,80.22742651,107.2274265,8.956976416,89.56976416
2007 WW3,2037,2037,1,1.60E-10,10.28,23.8,0.06,-8.95,-8.95,0,0.022826534,2282653.44,80.30234807,107.3023481,8.961157741,89.61157741
2016 BE,2105,2105,1,1.70E-09,9.1,23.6,0.066,-8.41,-8.41,0,0.023807544,2380754.376,80.53314275,107.5331428,8.974026006,89.74026006
2006 QN111,2079,2079,1,2.10E-06,10.55,23.8,0.06,-5.24,-5.24,0,0.02404134,2404134,80.5867423,107.5867423,8.97701188,89.7701188
2005 WG57,2029,2105,6,5.50E-07,9.88,23.6,0.063,-5.76,-6.18,0,0.024408188,2440818.788,80.66980322,107.6698032,8.981637001,89.81637001
1994 GK,2051,2073,6,4.80E-05,14.87,24.2,0.048,-3.82,-3.83,0,0.02445376,2445376.02,80.68003433,107.6800343,8.98220654,89.8220654
2012 UU68,2101,2101,1,8.30E-09,6.89,23.1,0.082,-7.55,-7.55,0,0.026174597,2617459.683,81.05303113,108.0530311,9.002945692,90.02945692
2009 CZ1,2058,2102,3,1.10E-06,17.81,24.4,0.044,-5.48,-5.63,0,0.027020033,2702003.258,81.22738893,108.2273889,9.012623865,90.12623865
2010 DG1,2050,2050,1,1.40E-08,17.96,24.4,0.044,-7.23,-7.23,0,0.027477087,2747708.733,81.31939083,108.3193908,9.017726478,90.17726478
2014 HM199,2025,2104,2,4.90E-10,10.54,23.7,0.063,-8.15,-8.18,0,0.027778121,2777812.131,81.37915468,108.3791547,9.021039557,90.21039557
2014 GN1,2061,2061,1,2.10E-05,21.23,24.6,0.041,-4.17,-4.17,0,0.031063584,3106358.378,81.99228836,108.9922884,9.054959324,90.54959324
2015 MN11,2081,2081,1,2.20E-09,21.06,24.5,0.042,-8.27,-8.27,0,0.032859776,3285977.648,82.3006069,109.3006069,9.071968193,90.71968193
2008 XC1,2085,2088,2,1.20E-07,11.66,23.7,0.063,-6.42,-6.47,0,0.03399529,3399528.991,82.48694072,109.4869407,9.082232144,90.82232144
2001 UO,2020,2020,1,6.20E-10,16.28,24.1,0.051,-7.65,-7.65,0,0.035157609,3515760.88,82.67133515,109.6713351,9.09237786,90.9237786
2013 UO5,2095,2095,1,1.30E-10,10.26,23.4,0.07,-9.38,-9.38,0,0.036106787,3610678.68,82.81744945,109.8174494,9.100409301,91.00409301
2016 JG38,2021,2115,119,6.20E-08,17.18,24.2,0.05,-6.42,-7.39,0,0.03689405,3689405,82.93575385,109.9357539,9.106906931,91.06906931
2016 PR66,2021,2113,26,2.00E-08,9.88,23.3,0.073,-6.45,-6.67,0,0.037973661,3797366.104,83.09394962,110.0939496,9.115588276,91.15588276
2003 UQ25,2093,2093,2,2.20E-07,18.01,24.2,0.049,-6.27,-6.28,0,0.038160641,3816064.14,83.12089029,110.1208903,9.117065882,91.17065882
2016 AB166,2106,2106,1,6.40E-08,21.63,24.4,0.044,-6.9,-6.9,0,0.039853922,3985392.217,83.35901994,110.3590199,9.130116097,91.30116097
2002 MN,2070,2109,13,6.10E-06,10.37,23.3,0.073,-4.59,-5.04,0,0.041833682,4183368.223,83.62492918,110.6249292,9.144666707,91.44666707
2010 XB73,2017,2110,55,2.80E-07,5.98,22.5,0.11,-5.03,-5.51,0,0.047597092,4759709.24,84.33285351,111.3328535,9.183292084,91.83292084
2009 WQ25,2094,2094,1,9.20E-08,16.94,23.9,0.055,-6.57,-6.57,0,0.047743569,4774356.895,84.3497067,111.3497067,9.18420964,91.8420964
2007 EH26,2101,2103,2,2.70E-08,20.19,24.2,0.049,-7.2,-7.2,0,0.04795798,4795797.953,84.3742832,111.3742832,9.185547518,91.85547518
2012 BN123,2074,2110,4,3.20E-09,10.13,23.2,0.078,-7.82,-8.13,0,0.048697055,4869705.513,84.45816443,111.4581644,9.190112319,91.90112319
2008 KO,2049,2052,2,1.40E-06,23.49,24.4,0.045,-5.09,-5.38,0,0.050280962,5028096.161,84.63372212,111.6337221,9.199658804,91.99658804
2009 WZ53,2084,2094,3,8.30E-10,18.97,24.1,0.052,-8.58,-8.74,0,0.050599321,5059932.143,84.66834039,111.6683404,9.20154011,92.0154011
2015 YV20,2020,2115,130,2.60E-07,5.94,22.4,0.113,-5.21,-5.81,0,0.050910601,5091060.059,84.70197875,111.7019788,9.203367794,92.03367794
2007 WP3,2098,2114,21,8.20E-06,13.03,23.5,0.067,-4.6,-4.99,0,0.051063813,5106381.283,84.71846017,111.7184602,9.204263152,92.04263152
2007 WT3,2101,2101,1,8.60E-10,19.92,24.1,0.051,-8.64,-8.64,0,0.052636766,5263676.577,84.88486267,111.8848627,9.213298143,92.13298143
2010 JH80,2074,2082,2,3.20E-06,26.9,24.5,0.042,-4.98,-4.99,0,0.053610818,5361081.768,84.98543237,111.9854324,9.218754383,92.18754383
2010 WC9,2027,2115,16,4.50E-06,12.69,23.4,0.07,-4.01,-4.03,0,0.055235382,5523538.23,85.14916979,112.1491698,9.227630779,92.27630779
2013 VJ13,2099,2099,1,8.90E-10,16.09,23.8,0.06,-8.55,-8.54,0,0.05591983,5591982.96,85.21671704,112.216717,9.231290107,92.31290107
2014 ML67,2019,2113,33,7.00E-07,21.18,24.2,0.05,-4.98,-5.21,0,0.05607405,5607405,85.2318227,112.2318227,9.232108248,92.32108248
2008 UB7,2049,2100,33,6.60E-05,18.47,23.9,0.057,-3.45,-3.76,0,0.063176907,6317690.669,85.88597297,112.885973,9.267468531,92.67468531
2010 LJ68,2020,2115,39,3.50E-07,9.69,22.9,0.089,-5.37,-6.07,0,0.06619384,6619383.972,86.14183174,113.1418317,9.2812624,92.812624
2005 CC37,2100,2100,1,2.40E-08,8.45,22.7,0.099,-6.85,-6.85,0,0.069281774,6928177.435,86.39190898,113.391909,9.294724793,92.94724793
2007 KO4,2022,2114,248,4.20E-06,13.71,23.3,0.075,-4.43,-5.14,0,0.079297355,7929735.469,87.13248457,114.1324846,9.33447827,93.3447827
2008 KN11,2046,2046,1,1.60E-08,13.83,23.3,0.075,-6.7,-6.7,0,0.080691567,8069156.719,87.22808108,114.2280811,9.33959748,93.3959748
2000 WJ107,2114,2114,10,2.20E-06,12.78,23.1,0.081,-5.02,-5.63,0,0.086799408,8679940.822,87.62828461,114.6282846,9.360998056,93.60998056
2009 XQ2,2084,2114,2,2.60E-10,26.18,24.1,0.051,-8.98,-9.21,0,0.090917987,9091798.725,87.88254997,114.88255,9.374569322,93.74569322
2016 RP41,2019,2115,62,4.10E-08,8.46,22.5,0.11,-5.65,-6.15,0,0.0952618,9526179.96,88.13853191,115.1385319,9.388212392,93.88212392
1996 TC1,2054,2072,4,1.20E-06,24.01,23.9,0.055,-5.08,-5.11,0,0.095911877,9591187.664,88.17583376,115.1758338,9.390198814,93.90198814
2005 ED224,2018,2064,6,3.00E-06,25.24,24,0.054,-3.74,-4.07,0,0.100313638,10031363.79,88.4219475,115.4219475,9.403294502,94.03294502
2005 GQ33,2041,2099,14,8.50E-09,20.8,23.7,0.063,-7.18,-7.96,0,0.108180334,10818033.41,88.83603971,115.8360397,9.425287248,94.25287248
2014 OQ392,2109,2109,1,1.20E-10,11.89,22.8,0.093,-9.12,-9.12,0,0.113713638,11371363.82,89.10964284,116.1096428,9.439790402,94.39790402
2014 QF33,2076,2076,1,3.40E-08,23.29,23.7,0.06,-6.63,-6.63,0,0.117163606,11716360.56,89.27357273,116.2735727,9.448469333,94.48469333
2007 VH189,2042,2045,3,2.00E-08,18.31,23.4,0.073,-6.45,-6.64,0,0.130420322,13042032.23,89.86149656,116.8614966,9.479530397,94.79530397
2014 OO6,2103,2103,1,4.00E-10,17.82,23.3,0.075,-8.63,-8.63,0,0.133967419,13396741.88,90.00867687,117.0086769,9.487290281,94.87290281
2012 ES10,2054,2064,7,1.40E-06,24.36,23.7,0.061,-4.81,-5.13,0,0.134692704,13469270.44,90.03829099,117.038291,9.488850879,94.88850879
2006 JE,2106,2112,4,2.20E-06,26.36,23.8,0.058,-4.96,-5,0,0.135573495,13557349.52,90.07404087,117.0740409,9.490734475,94.90734475
2004 ME6,2019,2113,51,1.60E-07,11.77,22.6,0.1,-5.41,-6.06,0,0.1385329,13853290,90.19247969,117.1924797,9.496972133,94.96972133
2010 LV108,2073,2073,1,6.00E-10,9.06,22.3,0.12,-8.09,-8.09,0,0.141840461,14184046.08,90.32189427,117.3218943,9.503783156,95.03783156
2012 SG58,2060,2060,1,2.00E-08,15.89,23.1,0.083,-6.59,-6.59,0,0.1443717,14437170.04,90.41891141,117.4189114,9.508885918,95.08885918
2002 RB182,2053,2110,9,8.80E-07,14.75,22.8,0.092,-5.19,-5.23,0,0.169413308,16941330.8,91.29620817,118.2962082,9.554904928,95.54904928
2013 NH6,2060,2060,1,2.60E-08,21.71,23.4,0.073,-6.46,-6.46,0,0.183353087,18335308.74,91.72990563,118.7299056,9.577573055,95.77573055
2017 BY93,2057,2079,6,3.40E-06,19.03,23.1,0.08,-4.29,-4.34,0,0.185416141,18541614.08,91.79127509,118.7912751,9.58077633,95.8077633
2014 MG68,2098,2098,1,2.00E-10,14.37,22.6,0.1,-8.7,-8.7,0,0.2064969,20649690,92.38189472,119.3818947,9.611550069,96.11550069
2013 WM,2047,2105,2,5.70E-07,35.41,23.9,0.055,-5.18,-5.37,0,0.208612305,20861230.51,92.43779667,119.4377967,9.61445769,96.1445769
2016 GU2,2113,2113,1,9.20E-09,39.17,24.1,0.052,-7.23,-7.23,0,0.215733294,21573329.37,92.62189647,119.6218965,9.62402704,96.2402704
2015 HV182,2017,2113,509,7.10E-07,7.78,21.7,0.153,-4.14,-5.45,0,0.216787125,21678712.53,92.64862392,119.6486239,9.625415519,96.25415519
2016 WG,2076,2115,22,5.50E-06,23.6,23.3,0.074,-4.25,-4.91,0,0.225693559,22569355.9,92.86945498,119.869455,9.63687994,96.3687994
2012 QD8,2047,2050,2,4.40E-06,20.76,23.1,0.081,-3.99,-4.03,0,0.229039167,22903916.67,92.95016336,119.9501634,9.641066505,96.41066505
2011 XC2,2056,2056,1,2.50E-06,20.75,23,0.085,-4.3,-4.3,0,0.264419195,26441919.53,93.73801689,120.7380169,9.681839541,96.81839541
2008 PK9,2045,2066,12,7.80E-07,26.44,23.2,0.078,-4.7,-5.1,0,0.331746775,33174677.5,94.98217173,121.9821717,9.745879731,97.45879731
2001 UD5,2107,2107,1,1.50E-08,16.73,22.4,0.11,-6.66,-6.66,0,0.37253745,37253744.99,95.61822168,122.6182217,9.778457019,97.78457019
2011 BA60,2029,2106,14,8.70E-09,14.69,22,0.137,-6.17,-6.43,0,0.554887949,55488794.91,97.80352899,124.803529,9.889566673,98.89566673
2006 WK130,2103,2103,1,2.00E-09,20.74,22.4,0.11,-7.41,-7.41,0,0.572526456,57252645.56,97.9751639,124.9751639,9.898240445,98.98240445
2001 SB170,2095,2095,1,1.00E-08,22.48,22.4,0.11,-6.66,-6.66,0,0.672621382,67262138.24,98.85889728,125.8588973,9.942781164,99.42781164
2009 BR5,2059,2078,3,2.70E-07,18,22.1,0.13,-5.08,-5.15,0,0.711828,71182800,99.16963245,126.1696324,9.958395074,99.58395074
2014 HN197,2041,2041,1,1.10E-10,8.92,21,0.21,-7.85,-7.85,0,0.73686443,73686443.04,99.35922943,126.3592294,9.967909983,99.67909983
2008 FF5,2060,2060,1,5.20E-07,39.47,23.1,0.081,-4.68,-4.68,0,0.827921783,82792178.34,99.99829132,126.9982913,9.999914566,99.99914566
2010 JA43,2018,2113,96,8.40E-08,15.13,21.6,0.159,-4.95,-5.53,0,0.920172456,92017245.57,100.5777204,127.5777204,10.02884442,100.2884442
410777 (2009 FD),2185,2198,7,0.0016,15.87,22.1,0.16,-1.78,-1.83,(*),1.031605862,103160586.2,101.2046943,128.2046943,10.06005439,100.6005439
2011 VG9,2086,2114,6,3.20E-07,24.79,22.2,0.121,-5.04,-5.44,0,1.08870236,108870236,101.5001603,128.5001603,10.07472879,100.7472879
2016 NL56,2019,2116,225,1.30E-06,13.07,21.4,0.188,-3.04,-3.37,0,1.13507543,113507543,101.7289462,128.7289462,10.08607685,100.8607685
2006 CD,2021,2113,56,1.90E-08,11.19,21,0.214,-5.4,-6.34,0,1.227160854,122716085.4,102.1567846,129.1567846,10.10726395,101.0726395
2007 TC14,2082,2082,1,1.20E-07,25.55,22.1,0.13,-5.3,-5.3,0,1.434207093,143420709.3,103.011916,130.011916,10.14947861,101.4947861
2010 CA55,2021,2087,6,6.30E-08,24.03,22,0.14,-4.64,-4.73,0,1.58449783,158449783,103.5585073,130.5585073,10.17637005,101.7637005
2017 AB21,2024,2110,25,5.60E-09,10.69,20.7,0.243,-5.8,-6.42,0,1.639737131,163973713.1,103.7464632,130.7464632,10.18560078,101.8560078
2006 CM10,2092,2092,1,2.40E-08,22.34,21.7,0.15,-5.94,-5.94,0,1.68438015,168438015,103.8937946,130.8937946,10.19283055,101.9283055
2016 PO66,2020,2115,377,1.20E-06,25.47,21.9,0.138,-4.14,-5.32,0,1.704885233,170488523.3,103.9601618,130.9601618,10.19608561,101.9608561
2016 JT38,2018,2088,32,6.00E-09,13.43,21,0.212,-5.41,-5.89,0,1.718539854,171853985.4,104.0039153,131.0039153,10.19823099,101.9823099
99942 Apophis (2004 MN4),2060,2105,12,8.90E-06,5.85,19.1,0.37,-2.83,-2.93,0,1.733472293,173347229.3,104.0513672,131.0513672,10.2005572,102.005572
2005 NX55,2018,2107,72,2.20E-08,25.14,21.9,0.142,-5.17,-5.85,0,1.809654136,180965413.6,104.2872649,131.2872649,10.21211363,102.1211363
2012 CR,2025,2025,1,1.50E-10,14.21,21,0.21,-7.12,-7.12,0,1.87001909,187001909,104.4672375,131.4672375,10.22092156,102.2092156
2010 DJ77,2019,2113,53,6.20E-08,17.04,21.1,0.2,-4.45,-5.24,0,2.3228928,232289280,105.6567001,132.6567001,10.2789445,102.789445
2017 AR20,2023,2023,1,1.30E-10,18.52,21.3,0.19,-7.02,-7.02,0,2.352571154,235257115.4,105.7263328,132.7263328,10.2823311,102.823311
2002 GM5,2064,2113,2,1.30E-07,20.38,21.4,0.179,-4.91,-4.92,0,2.382140936,238214093.6,105.7948425,132.7948425,10.28566199,102.8566199
2004 GE2,2106,2109,2,4.90E-08,20.57,21.4,0.18,-5.57,-5.65,0,2.467664417,246766441.7,105.9883055,132.9883055,10.29506219,102.9506219
101955 Bennu (1999 RQ36),2175,2199,78,0.00037,5.99,20.2,0.49,-1.71,-2.32,(*),4.221257885,422125788.5,108.932889,135.932889,10.43709198,104.3709198
2016 RQ41,2039,2089,3,1.50E-09,13.11,20,0.33,-6.44,-6.63,0,6.176567658,617656765.8,111.0205717,138.0205717,10.53663,105.3663
2015 DA54,2107,2107,1,5.50E-08,23.13,20.8,0.23,-5.2,-5.2,0,6.509307282,650930728.2,111.3083617,138.3083617,10.5502778,105.502778
2014 NJ65,2022,2041,4,7.30E-10,8.57,19.3,0.461,-5.82,-5.95,0,7.195557036,719555703.6,111.8581086,138.8581086,10.57629938,105.7629938
2015 BS516,2022,2103,30,2.00E-08,13.04,19.9,0.36,-4.81,-5.22,0,7.93346089,793346089,112.393567,139.393567,10.60158323,106.0158323
2011 KF36,2022,2106,8,1.20E-09,22.32,20.4,0.28,-5.9,-6.46,0,10.93610004,1093610004,114.1540823,141.1540823,10.68429138,106.8429138
2007 FT3,2019,2114,138,1.10E-06,17.05,20,0.34,-3.08,-3.67,0,11.42577106,1142577106,114.3943291,141.3943291,10.69552846,106.9552846
2013 JA17,2027,2111,7,5.50E-09,9.72,19.1,0.51,-5.26,-5.37,0,12.53265424,1253265424,114.9014888,141.9014888,10.7192112,107.192112
2012 BG96,2063,2098,9,2.40E-09,8.68,18.9,0.57,-5.9,-6.69,0,13.95288508,1395288508,115.4902767,142.4902767,10.74664025,107.4664025
2017 AY20,2021,2021,1,1.50E-10,19.78,20.1,0.33,-6.22,-6.22,0,14.06029375,1406029375,115.5323369,142.5323369,10.74859697,107.4859697
2008 UV99,2019,2111,32,1.60E-07,15.6,19.6,0.399,-3.44,-3.55,0,15.45851899,1545851899,116.0523273,143.0523273,10.77275858,107.7275858
2011 BT59,2052,2091,3,1.10E-07,37.84,20.8,0.24,-4.21,-4.22,0,19.79411005,1979411005,117.4083062,144.4083062,10.83551135,108.3551135
2014 MV67,2018,2074,6,1.80E-09,12.89,19,0.541,-4.79,-5.01,0,26.30859346,2630859346,118.9687975,145.9687975,10.90728186,109.0728186
2010 CR5,2062,2075,3,7.60E-08,23.6,19.8,0.372,-4.25,-4.28,0,28.67165918,2867165918,119.4405658,146.4405658,10.92888676,109.2888676
2015 ME131,2017,2096,85,2.30E-08,19.46,19.2,0.497,-3.85,-4.3,0,46.48949601,4648949601,122.0914714,149.0914714,11.04950096,110.4950096
2005 GV190,2099,2099,1,1.20E-10,9.25,18,0.87,-6.84,-6.84,0,56.34316294,5634316294,123.1458421,150.1458421,11.09710963,110.9710963
1979 XB,2056,2113,5,9.90E-07,23.63,18.6,0.657,-2.75,-3.07,0,158.3519996,15835199964,128.8136277,155.8136277,11.34960914,113.4960914
2017 CH1,2044,2044,1,2.30E-10,18.19,17.9,0.9,-5.76,-5.76,0,241.2086769,24120867690,131.1218684,158.1218684,11.45084575,114.5084575
2001 CA21,2020,2077,6,6.50E-09,30.68,18.5,0.679,-3.98,-4.25,0,294.659219,29465921899,132.2196929,159.2196929,11.49868222,114.9868222
29075 (1950 DA),2880,2880,1,0.00012,14.1,17.6,1.3,-1.42,-1.42,(*),436.78557,43678557000,134.3786416,161.3786416,11.59218019,115.9218019
2011 SR52,2034,2115,4,7.60E-10,13.55,15.6,2.579,-4.35,-4.59,0,3149.434763,3.15E+11,145.2140903,172.2140903,12.05048092,120.5048092
2010 AU118,2020,2112,38,1.80E-08,25.22,16.2,1.9,-2.73,-3.16,0,4362.655976,4.36E+11,147.0013614,174.0013614,12.1244118,121.244118
