Object Name,Cumulative Impact Probability,Prob sqrt,Prob scaled,Asteroid Velocity,Asteroid Diameter (km),Energy,Energy rt,Energy log,Radius
2014 HN197,1.10E-10,3.24E-03,1.38E-01,8.92,0.21,0.73686443,0.903224822,0.974875073,95.03814089
2014 HD199,1.20E-10,3.31E-03,2.63E-01,17.01,0.042,0.021436629,0.277791423,0.725988445,52.70592217
2014 OQ392,1.20E-10,3.31E-03,2.63E-01,11.89,0.093,0.113713638,0.48447442,0.834291296,69.60419673
2005 GV190,1.20E-10,3.31E-03,2.63E-01,9.25,0.87,56.34316294,3.833661303,1.399276161,195.7973775
2009 SD15,1.30E-10,3.38E-03,3.79E-01,13.88,0.014,0.000528644,0.080857631,0.53324925,28.43547626
2013 UO5,1.30E-10,3.38E-03,3.79E-01,10.26,0.07,0.036106787,0.330518886,0.758226694,57.49077197
2017 AR20,1.30E-10,3.38E-03,3.79E-01,18.52,0.19,2.352571154,1.329987592,1.07389519,115.325088
2010 XU,1.50E-10,3.50E-03,5.85E-01,6.22,0.029,0.000943571,0.098082514,0.559626017,31.31812793
2012 CR,1.50E-10,3.50E-03,5.85E-01,14.21,0.21,1.87001909,1.23201316,1.053546811,110.9960882
2017 AY20,1.50E-10,3.50E-03,5.85E-01,19.78,0.33,14.06029375,2.413597226,1.246425139,155.3575626
2007 WW3,1.60E-10,3.56E-03,6.78E-01,10.28,0.06,0.022826534,0.283669947,0.729799114,53.26067466
2014 HC196,2.00E-10,3.76E-03,1.00E+00,10.36,0.031,0.003197456,0.147322201,0.619536716,38.38257425
2014 MG68,2.00E-10,3.76E-03,1.00E+00,14.37,0.1,0.2064969,0.591068541,0.876818009,76.88098214
2014 HO197,2.20E-10,3.85E-03,1.14E+00,14.63,0.021,0.001982196,0.125617124,0.595336091,35.4425061
2014 GC49,2.30E-10,3.89E-03,1.20E+00,17.06,0.007,9.9828E-05,0.046389254,0.464092284,21.5381648
2017 CH1,2.30E-10,3.89E-03,1.20E+00,18.19,0.9,241.2086769,6.224879882,1.579547694,249.4970918
2009 XQ2,2.60E-10,4.02E-03,1.38E+00,26.18,0.051,0.090917987,0.44965898,0.818881044,67.05661637
2016 YC13,3.20E-10,4.23E-03,1.68E+00,13,0.015,0.000570375,0.082931622,0.536636292,28.797851
2010 VQ139,3.40E-10,4.29E-03,1.77E+00,8.03,0.018,0.000376053,0.072179888,0.518327261,26.86631491
2014 OO6,4.00E-10,4.47E-03,2.00E+00,17.82,0.075,0.133967419,0.511681517,0.845765435,71.53191716
2012 UL171,4.20E-10,4.53E-03,2.07E+00,3.79,0.013,3.15579E-05,0.031601146,0.421624371,17.77671103
2014 HM198,4.40E-10,4.58E-03,2.14E+00,9.54,0.011,0.000121136,0.049479458,0.471635225,22.24397854
2012 VZ19,4.50E-10,4.61E-03,2.17E+00,7.92,0.025,0.0009801,0.099332217,0.56140016,31.51701402
2014 HM199,4.90E-10,4.70E-03,2.29E+00,10.54,0.063,0.027778121,0.302854681,0.74183714,55.03223424
2015 XQ129,5.30E-10,4.80E-03,2.41E+00,15.3,0.044,0.019940723,0.271173323,0.721625283,52.07430493
2010 LV108,6.00E-10,4.95E-03,2.58E+00,9.06,0.12,0.141840461,0.521514888,0.849799904,72.21598772
2001 UO,6.20E-10,4.99E-03,2.63E+00,16.28,0.051,0.035157609,0.327596895,0.756545311,57.23608082
2014 MR67,6.90E-10,5.13E-03,2.79E+00,9.72,0.062,0.022516848,0.282381256,0.728968843,53.13955743
2014 NJ65,7.30E-10,5.20E-03,2.87E+00,8.57,0.461,7.195557036,1.930581499,1.178750894,138.9453669
2011 SR52,7.60E-10,5.25E-03,2.93E+00,13.55,2.579,3149.434763,14.65809523,1.956678102,382.8589196
2009 WZ53,8.30E-10,5.37E-03,3.05E+00,18.97,0.052,0.050599321,0.369869254,0.779851762,60.81687707
2007 WT3,8.60E-10,5.42E-03,3.10E+00,19.92,0.051,0.052636766,0.374768487,0.782421483,61.2183377
2013 VJ13,8.90E-10,5.46E-03,3.15E+00,16.09,0.06,0.05591983,0.382403577,0.786376428,61.83878859
2017 BD6,1.00E-09,5.62E-03,3.32E+00,9.28,0.007,2.95386E-05,0.030912208,0.41930738,17.58186788
2013 XT23,1.00E-09,5.62E-03,3.32E+00,8.42,0.039,0.004205504,0.161413307,0.633847576,40.17627493
2005 WN3,1.10E-09,5.76E-03,3.46E+00,18.17,0.004,2.11295E-05,0.02764585,0.40776269,16.62704114
2011 KF36,1.20E-09,5.89E-03,3.58E+00,22.32,0.28,10.93610004,2.219665294,1.220595805,148.9854118
2001 YN2,1.40E-09,6.12E-03,3.81E+00,18.49,0.035,0.014658109,0.244733066,0.703352706,49.47050297
2012 CQ46,1.50E-09,6.22E-03,3.91E+00,13.01,0.012,0.000292481,0.066379317,0.507584316,25.76418379
2016 RQ41,1.50E-09,6.22E-03,3.91E+00,13.11,0.33,6.176567658,1.834773255,1.16384622,135.4538023
2016 BE,1.70E-09,6.42E-03,4.09E+00,9.1,0.066,0.023807544,0.287676816,0.732362698,53.63551214
2014 MV67,1.80E-09,6.51E-03,4.17E+00,12.89,0.541,26.30859346,2.974170603,1.313232037,172.4578384
2012 WQ3,1.90E-09,6.60E-03,4.25E+00,23.77,0.028,0.012403163,0.231478585,0.693629739,48.11222143
2006 WK130,2.00E-09,6.69E-03,4.32E+00,20.74,0.11,0.572526456,0.830357641,0.954588717,91.12396179
2016 FX13,2.20E-09,6.85E-03,4.46E+00,13.98,0.016,0.000800524,0.092852036,0.55201116,30.47163202
2015 MN11,2.20E-09,6.85E-03,4.46E+00,21.06,0.042,0.032859776,0.320298473,0.752295938,56.59491789
2012 BG96,2.40E-09,7.00E-03,4.58E+00,8.68,0.57,13.95288508,2.407435567,1.245628878,155.1591302
2010 CA,2.50E-09,7.07E-03,4.64E+00,14.7,0.044,0.018407411,0.264036662,0.716829811,51.38449782
2014 HH196,3.00E-09,7.40E-03,4.91E+00,11.21,0.008,6.434E-05,0.040070712,0.447411111,20.01767026
2010 UZ7,3.10E-09,7.46E-03,4.95E+00,15.96,0.039,0.015109831,0.247221668,0.705133963,49.72139054
2012 BN123,3.20E-09,7.52E-03,5.00E+00,10.13,0.078,0.048697055,0.365174884,0.777365433,60.42970161
2009 WQ52,3.30E-09,7.58E-03,5.04E+00,14.76,0.008,0.000111543,0.048137207,0.468403599,21.94019312
2014 HK197,3.30E-09,7.58E-03,5.04E+00,18.05,0.015,0.001099583,0.103214979,0.566807623,32.12708815
2007 RC20,3.70E-09,7.80E-03,5.21E+00,5.12,0.016,0.000107374,0.04752987,0.466919117,21.80134621
2008 WJ14,4.00E-09,7.95E-03,5.32E+00,10.58,0.017,0.000549944,0.081929323,0.535007465,28.62329874
2015 HZ182,4.10E-09,8.00E-03,5.36E+00,14.48,0.013,0.000460646,0.077230538,0.527165846,27.79038287
2006 WP1,5.20E-09,8.49E-03,5.70E+00,17.77,0.007,0.00010831,0.047667568,0.467256926,21.83290354
2013 JA17,5.50E-09,8.61E-03,5.78E+00,9.72,0.51,12.53265424,2.32281356,1.234535515,152.4077938
2017 AB21,5.60E-09,8.65E-03,5.81E+00,10.69,0.243,1.639737131,1.179210698,1.042072302,108.5914682
2016 JT38,6.00E-09,8.80E-03,5.91E+00,13.43,0.212,1.718539854,1.197806143,1.046156443,109.4443303
2001 CA21,6.50E-09,8.98E-03,6.02E+00,30.68,0.679,294.659219,6.654365905,1.606115116,257.9605765
2012 HB25,6.70E-09,9.05E-03,6.07E+00,8.95,0.035,0.003434395,0.150874809,0.623238371,38.84260669
2010 LF64,6.70E-09,9.05E-03,6.07E+00,5.12,0.086,0.016673826,0.255473049,0.71094544,50.54434186
2015 KW157,6.80E-09,9.08E-03,6.09E+00,9.36,0.021,0.000811353,0.09326883,0.552629586,30.53994592
2009 MU,6.80E-09,9.08E-03,6.09E+00,13.27,0.042,0.013046371,0.235412709,0.696558308,48.51934762
2011 SE191,7.20E-09,9.21E-03,6.17E+00,14.57,0.033,0.007628882,0.19685826,0.66609843,44.36871189
2014 JU79,7.40E-09,9.27E-03,6.21E+00,6.25,0.083,0.02233543,0.281620828,0.728477584,53.06795905
2014 HE197,7.50E-09,9.31E-03,6.23E+00,16.56,0.026,0.00481993,0.168919675,0.641091559,41.09983876
2008 YC3,8.30E-09,9.54E-03,6.38E+00,6.24,0.029,0.000949649,0.098292653,0.559925523,31.35165914
2012 UU68,8.30E-09,9.54E-03,6.38E+00,6.89,0.082,0.026174597,0.296911259,0.738170469,54.48956407
2005 GQ33,8.50E-09,9.60E-03,6.41E+00,20.8,0.063,0.108180334,0.476485226,0.830830363,69.02790929
2011 BA60,8.70E-09,9.66E-03,6.44E+00,14.69,0.137,0.554887949,0.821741268,0.952102651,90.64994582
2011 CW46,9.00E-09,9.74E-03,6.49E+00,16.62,0.039,0.016385355,0.253991171,0.709912225,50.39753672
2016 GU2,9.20E-09,9.79E-03,6.52E+00,39.17,0.052,0.215733294,0.599752948,0.880021126,77.44371814
2001 SB170,1.00E-08,1.00E-02,6.64E+00,22.48,0.11,0.672621382,0.876173721,0.967492386,93.60415165
2016 TB57,1.10E-08,1.02E-02,6.78E+00,2.22,0.02,3.94272E-05,0.034035488,0.429519608,18.44870937
2009 DM40,1.10E-08,1.02E-02,6.78E+00,8.88,0.016,0.000322988,0.068611244,0.511798282,26.19374809
2014 HN199,1.10E-08,1.02E-02,6.78E+00,18.04,0.017,0.001598895,0.116933768,0.584769868,34.1955798
2013 BR15,1.30E-08,1.07E-02,7.02E+00,14.11,0.032,0.00652385,0.186853536,0.657469075,43.2265585
2014 MB6,1.40E-08,1.09E-02,7.13E+00,13.07,0.019,0.001171688,0.105423475,0.569815596,32.4689813
2001 VM5,1.40E-08,1.09E-02,7.13E+00,9.18,0.036,0.003931813,0.157832931,0.630303045,39.72819289
2016 PA79,1.40E-08,1.09E-02,7.13E+00,10.42,0.05,0.01357205,0.238533007,0.698855071,48.83984105
2010 DG1,1.40E-08,1.09E-02,7.13E+00,17.96,0.044,0.027477087,0.301756684,0.741163843,54.93238422
2001 UD5,1.50E-08,1.11E-02,7.23E+00,16.73,0.11,0.37253745,0.719542823,0.921009609,84.82587006
2008 KN11,1.60E-08,1.12E-02,7.32E+00,13.83,0.075,0.080691567,0.432124991,0.810778728,65.7362146
2002 XV90,1.70E-08,1.14E-02,7.41E+00,7.61,0.031,0.001725259,0.119936526,0.588488345,34.63185325
2010 RK53,1.80E-08,1.16E-02,7.49E+00,8.23,0.009,4.93773E-05,0.036686735,0.437650336,19.15378169
2009 WJ6,1.80E-08,1.16E-02,7.49E+00,18.16,0.01,0.000329786,0.069089263,0.512687396,26.28483659
2015 KH160,1.80E-08,1.16E-02,7.49E+00,29.2,0.018,0.004972596,0.170684626,0.642759644,41.31399599
2016 JP38,1.80E-08,1.16E-02,7.49E+00,10.02,0.044,0.008552508,0.204502125,0.672472387,45.22191112
2010 AU118,1.80E-08,1.16E-02,7.49E+00,25.22,1.9,4362.655976,16.33993492,2.010539365,404.2268536
2017 AF21,1.90E-08,1.17E-02,7.57E+00,8.2,0.033,0.002416404,0.134190934,0.605244419,36.63208071
2002 CB19,1.90E-08,1.17E-02,7.57E+00,15.73,0.038,0.013577138,0.238562812,0.6988769,48.8428922
2006 CD,1.90E-08,1.17E-02,7.57E+00,11.19,0.214,1.227160854,1.07061625,1.017204933,103.4705876
2002 AN129,2.00E-08,1.19E-02,7.64E+00,11.35,0.021,0.001193025,0.106059572,0.570673186,32.56678856
2003 XK,2.00E-08,1.19E-02,7.64E+00,18.04,0.029,0.007937195,0.199475251,0.668301222,44.66265229
2016 PR66,2.00E-08,1.19E-02,7.64E+00,9.88,0.073,0.037973661,0.336119846,0.761418701,57.9758438
2007 VH189,2.00E-08,1.19E-02,7.64E+00,18.31,0.073,0.130420322,0.507125081,0.843876266,71.21271519
2012 SG58,2.00E-08,1.19E-02,7.64E+00,15.89,0.083,0.1443717,0.524598878,0.851053455,72.42919838
2015 BS516,2.00E-08,1.19E-02,7.64E+00,13.04,0.36,7.93346089,1.99443963,1.188379698,141.2246306
2008 UY91,2.10E-08,1.20E-02,7.71E+00,16.2,0.041,0.018087627,0.262498726,0.715783693,51.23462949
2005 NX55,2.20E-08,1.22E-02,7.78E+00,25.14,0.142,1.809654136,1.218611278,1.050669919,110.3907278
2012 FN,2.30E-08,1.23E-02,7.85E+00,3.27,0.005,1.33661E-06,0.01101544,0.323966765,10.49544651
2011 SE58,2.30E-08,1.23E-02,7.85E+00,15.68,0.01,0.000245862,0.062646581,0.500292904,25.02929898
2015 ME131,2.30E-08,1.23E-02,7.85E+00,19.46,0.497,46.48949601,3.595712385,1.377038988,189.6236374
2014 HE199,2.40E-08,1.24E-02,7.91E+00,14.5,0.033,0.007555754,0.196227231,0.665563993,44.29754289
2005 CC37,2.40E-08,1.24E-02,7.91E+00,8.45,0.099,0.069281774,0.410714152,0.800543465,64.08698399
2006 CM10,2.40E-08,1.24E-02,7.91E+00,22.34,0.15,1.68438015,1.18981664,1.044407567,109.0787165
2012 QV17,2.50E-08,1.26E-02,7.97E+00,10.87,0.033,0.004246205,0.161932356,0.634356521,40.24081964
2013 NH6,2.60E-08,1.27E-02,8.02E+00,21.71,0.073,0.183353087,0.568106043,0.868175153,75.37280963
2007 EH26,2.70E-08,1.28E-02,8.08E+00,20.19,0.049,0.04795798,0.363318037,0.776375353,60.27586891
2015 EG7,3.20E-08,1.34E-02,8.32E+00,12.8,0.011,0.000218071,0.060191153,0.495316923,24.53388541
2016 LE10,3.30E-08,1.35E-02,8.37E+00,12.63,0.013,0.000350459,0.070503756,0.5152916,26.55254334
2011 UA64,3.30E-08,1.35E-02,8.37E+00,14.41,0.013,0.000456203,0.076981436,0.526740245,27.74552859
2015 KA158,3.30E-08,1.35E-02,8.37E+00,14,0.016,0.000802816,0.092940572,0.5521427,30.48615616
2015 EG,3.40E-08,1.36E-02,8.41E+00,9.56,0.025,0.001428025,0.112610427,0.579288158,33.55747704
2014 QF33,3.40E-08,1.36E-02,8.41E+00,23.29,0.06,0.117163606,0.489325193,0.836371825,69.95178289
2007 VF189,3.50E-08,1.37E-02,8.45E+00,11.47,0.007,4.51254E-05,0.035601939,0.434378592,18.8684761
2014 DK10,3.60E-08,1.38E-02,8.49E+00,11.83,0.01,0.000139949,0.051918623,0.477343256,22.78565837
2008 BN16,4.00E-08,1.41E-02,8.64E+00,18.98,0.023,0.004383045,0.163653504,0.636035457,40.45411028
2016 RP41,4.10E-08,1.42E-02,8.68E+00,8.46,0.11,0.0952618,0.456709025,0.82207208,67.58025045
2015 HO182,4.80E-08,1.48E-02,8.91E+00,9.63,0.013,0.000203743,0.058842919,0.492519639,24.25755949
2012 VV76,4.80E-08,1.48E-02,8.91E+00,14.69,0.026,0.003792832,0.155950898,0.628415617,39.49061882
2014 OX3,4.90E-08,1.49E-02,8.94E+00,12.82,0.009,0.000119813,0.049298593,0.471203634,22.20328651
2012 XL55,4.90E-08,1.49E-02,8.94E+00,19.09,0.013,0.000800649,0.092856855,0.552018322,30.47242281
2004 GE2,4.90E-08,1.49E-02,8.94E+00,20.57,0.18,2.467664417,1.351331912,1.078178105,116.2468026
2016 UR36,5.10E-08,1.50E-02,8.99E+00,17.96,0.011,0.000429329,0.075439171,0.524081979,27.46619211
2011 DX4,5.10E-08,1.50E-02,8.99E+00,17.65,0.017,0.00153051,0.115242338,0.582643647,33.94736193
2009 FQ32,5.20E-08,1.51E-02,9.02E+00,4.75,0.015,7.61484E-05,0.042385795,0.453737928,20.58781069
2001 SD286,5.20E-08,1.51E-02,9.02E+00,12.56,0.03,0.004259347,0.162099253,0.634519909,40.26155155
2016 NJ56,5.50E-08,1.53E-02,9.10E+00,4.94,0.033,0.000876992,0.095719093,0.556223897,30.93850231
2015 DA54,5.50E-08,1.53E-02,9.10E+00,23.13,0.23,6.509307282,1.867145911,1.16894631,136.6435476
2015 HW182,5.70E-08,1.55E-02,9.15E+00,10.76,0.031,0.00344913,0.151090285,0.623460775,38.87033385
2007 EE126,5.70E-08,1.55E-02,9.15E+00,30.8,0.025,0.0148225,0.245644561,0.704006693,49.56254244
2014 QJ365,5.80E-08,1.55E-02,9.18E+00,12.19,0.011,0.000197781,0.05826331,0.491302291,24.13779407
2015 HS182,5.90E-08,1.56E-02,9.20E+00,7.56,0.024,0.000790091,0.092446918,0.55140806,30.40508482
2007 SN6,6.00E-08,1.57E-02,9.23E+00,18.34,0.033,0.012087611,0.229498664,0.69214174,47.90601878
2016 JG38,6.20E-08,1.58E-02,9.28E+00,17.18,0.05,0.03689405,0.332903819,0.759590797,57.6978179
2010 DJ77,6.20E-08,1.58E-02,9.28E+00,17.04,0.2,2.3228928,1.324371184,1.072759652,115.0813271
2008 OO8,6.30E-08,1.58E-02,9.30E+00,8.31,0.031,0.00205725,0.127182994,0.597182759,35.66272474
2010 CA55,6.30E-08,1.58E-02,9.30E+00,24.03,0.14,1.58449783,1.165817445,1.0391007,107.9730265
2005 UA1,6.40E-08,1.59E-02,9.32E+00,14.68,0.018,0.00125681,0.107917003,0.573155506,32.85072342
2016 AB166,6.40E-08,1.59E-02,9.32E+00,21.63,0.044,0.039853922,0.341578366,0.764491373,58.44470597
2008 EF32,6.50E-08,1.60E-02,9.34E+00,13.11,0.005,2.1484E-05,0.027799595,0.408328428,16.67321048
2004 OD4,6.80E-08,1.61E-02,9.41E+00,8.45,0.014,0.000195928,0.058080789,0.490917063,24.09995625
2010 GV23,6.90E-08,1.62E-02,9.43E+00,5.42,0.01,2.93764E-05,0.030855519,0.41911501,17.56573913
2009 SH1,7.00E-08,1.63E-02,9.45E+00,5.57,0.004,1.98559E-06,0.012568886,0.334829872,11.21110433
2015 PL57,7.00E-08,1.63E-02,9.45E+00,3.82,0.024,0.000201725,0.058648037,0.492111338,24.21735688
2015 KH158,7.00E-08,1.63E-02,9.45E+00,14.5,0.021,0.001947125,0.124871874,0.594451131,35.33721467
2009 JE1,7.30E-08,1.64E-02,9.51E+00,6.03,0.012,6.28316E-05,0.039755094,0.446527486,19.93867956
2010 CR5,7.60E-08,1.66E-02,9.57E+00,23.6,0.372,28.67165918,3.060677765,1.322678829,174.9479284
2015 JC1,7.70E-08,1.67E-02,9.59E+00,15.25,0.013,0.00051094,0.079944744,0.531737732,28.27450154
2014 WZ365,7.80E-08,1.67E-02,9.61E+00,11,0.025,0.001890625,0.123652186,0.592994206,35.16421279
2014 HR197,7.90E-08,1.68E-02,9.63E+00,17.02,0.014,0.000794883,0.092633429,0.551685964,30.4357403
2007 EZ25,7.90E-08,1.68E-02,9.63E+00,20.73,0.026,0.007552985,0.196203259,0.665543665,44.29483702
2016 WQ1,8.10E-08,1.69E-02,9.66E+00,7.67,0.009,4.28863E-05,0.035003066,0.432540244,18.70910631
2016 AQ164,8.20E-08,1.69E-02,9.68E+00,13.9,0.004,1.23654E-05,0.023124367,0.389957668,15.20669828
2010 JA43,8.40E-08,1.70E-02,9.71E+00,15.13,0.159,0.920172456,0.972649594,0.993091129,98.62299902
2012 HE31,8.80E-08,1.72E-02,9.78E+00,10.6,0.024,0.001553265,0.115810646,0.583360637,34.0309633
2011 EC,8.90E-08,1.73E-02,9.80E+00,6.83,0.026,0.000819901,0.093595252,0.553112476,30.59334108
2010 XP,9.00E-08,1.73E-02,9.81E+00,8.96,0.016,0.000328833,0.069022707,0.512563879,26.27217296
2009 WQ25,9.20E-08,1.74E-02,9.85E+00,16.94,0.055,0.047743569,0.362775787,0.776085507,60.23087144
2005 VP,9.30E-08,1.75E-02,9.86E+00,12.86,0.027,0.003255167,0.148203255,0.620460925,38.49717592
2012 EZ1,9.40E-08,1.75E-02,9.88E+00,13.54,0.006,3.95996E-05,0.034085031,0.429675829,18.46213178
2015 CL13,9.40E-08,1.75E-02,9.88E+00,13.69,0.025,0.002928377,0.143067935,0.615014814,37.82432215
2014 KS76,9.60E-08,1.76E-02,9.91E+00,7.18,0.016,0.000211159,0.059548334,0.493989142,24.40252723
2008 GF1,9.70E-08,1.76E-02,9.92E+00,14.61,0.007,7.32141E-05,0.041834205,0.452254482,20.45341163
2015 HM182,1.00E-07,1.78E-02,9.97E+00,7.25,0.005,6.57031E-06,0.018729607,0.369940747,13.68561561
2009 EJ1,1.00E-07,1.78E-02,9.97E+00,10.63,0.008,5.78544E-05,0.038676351,0.443467068,19.66630401
2010 UE,1.10E-07,1.82E-02,1.01E+01,16.09,0.004,1.65688E-05,0.025493572,0.399583615,15.96670656
2008 JD33,1.10E-07,1.82E-02,1.01E+01,5.07,0.01,2.57049E-05,0.029512453,0.41447785,17.17918882
2013 UJ5,1.10E-07,1.82E-02,1.01E+01,10.81,0.009,8.51881E-05,0.044000705,0.457999401,20.9763451
2014 HT197,1.10E-07,1.82E-02,1.01E+01,17.18,0.007,0.000101237,0.046606535,0.464634767,21.58854665
2012 XK134,1.10E-07,1.82E-02,1.01E+01,4.95,0.018,0.000142899,0.05228085,0.478173671,22.86500596
2003 DW10,1.10E-07,1.82E-02,1.01E+01,7.83,0.02,0.000490471,0.078862614,0.529929129,28.08248821
2012 RU16,1.10E-07,1.82E-02,1.01E+01,8.66,0.026,0.001318123,0.109644102,0.57543506,33.11255083
2017 BE30,1.10E-07,1.82E-02,1.01E+01,16.69,0.018,0.001624539,0.11755562,0.585545771,34.28638505
2011 BT59,1.10E-07,1.82E-02,1.01E+01,37.84,0.24,19.79411005,2.705070948,1.282462471,164.4709989
2012 CS46,1.20E-07,1.86E-02,1.02E+01,6.26,0.009,2.85678E-05,0.030569763,0.418141253,17.48421074
2014 UY57,1.20E-07,1.86E-02,1.02E+01,9.03,0.012,0.000140903,0.0520363,0.47761351,22.81146652
2004 XG29,1.20E-07,1.86E-02,1.02E+01,5.09,0.029,0.000631873,0.085811044,0.541234904,29.29352216
2014 HN198,1.20E-07,1.86E-02,1.02E+01,9.65,0.024,0.001287325,0.108783439,0.574302486,32.98233451
2008 XC1,1.20E-07,1.86E-02,1.02E+01,11.66,0.063,0.03399529,0.32394622,0.754428748,56.91627358
2007 TC14,1.20E-07,1.86E-02,1.02E+01,25.55,0.13,1.434207093,1.12772694,1.030507101,106.1944886
2011 BH40,1.30E-07,1.90E-02,1.03E+01,5.31,0.032,0.00092393,0.097397167,0.558645856,31.20851923
2007 CS5,1.30E-07,1.90E-02,1.03E+01,5,0.042,0.0018522,0.122808745,0.591980394,35.04407867
2002 GM5,1.30E-07,1.90E-02,1.03E+01,20.38,0.179,2.382140936,1.335536671,1.07501359,115.5654218
2017 BK30,1.40E-07,1.93E-02,1.05E+01,9.95,0.012,0.000171076,0.055513247,0.485399314,23.56124941
2013 RR43,1.40E-07,1.93E-02,1.05E+01,18.99,0.028,0.007916332,0.199300325,0.66815466,44.64306502
2008 VB4,1.50E-07,1.97E-02,1.06E+01,11.84,0.007,4.80837E-05,0.036363514,0.436683176,19.06921963
2005 TK50,1.50E-07,1.97E-02,1.06E+01,20.62,0.006,9.18398E-05,0.045117361,0.460877942,21.24084773
2015 FA345,1.50E-07,1.97E-02,1.06E+01,9.5,0.052,0.012689872,0.233248619,0.694951938,48.29581956
2008 EF85,1.60E-07,2.00E-02,1.06E+01,9.53,0.016,0.000372002,0.071919819,0.517859736,26.81787064
2015 HQ182,1.60E-07,2.00E-02,1.06E+01,6.9,0.035,0.002041279,0.126853008,0.596795023,35.61642998
2004 ME6,1.60E-07,2.00E-02,1.06E+01,11.77,0.1,0.1385329,0.51742925,0.848130622,71.93255519
2008 UV99,1.60E-07,2.00E-02,1.06E+01,15.6,0.399,15.45851899,2.49108929,1.256311467,157.8318501
2009 XR1,1.70E-07,2.03E-02,1.07E+01,6.01,0.005,4.51501E-06,0.016527975,0.358554282,12.8561173
2011 BP40,1.70E-07,2.03E-02,1.07E+01,3.39,0.028,0.000252275,0.063186529,0.501367437,25.13693073
2011 AD3,1.80E-07,2.06E-02,1.08E+01,12.5,0.017,0.000767656,0.091563474,0.550085967,30.25945709
2008 YD3,1.90E-07,2.09E-02,1.09E+01,8.46,0.021,0.000662825,0.087189905,0.543396142,29.52793674
2010 XQ,1.90E-07,2.09E-02,1.09E+01,9.82,0.031,0.002872818,0.142157361,0.614033885,37.70376121
2010 KJ37,1.90E-07,2.09E-02,1.09E+01,6.61,0.055,0.007269273,0.193715184,0.663423598,44.0130871
2010 VR139,2.00E-07,2.11E-02,1.10E+01,4.99,0.016,0.000101991,0.046721884,0.464921988,21.61524554
2011 QF48,2.00E-07,2.11E-02,1.10E+01,19.93,0.03,0.010724532,0.220525824,0.685274961,46.96017719
2008 XU2,2.10E-07,2.14E-02,1.10E+01,9.93,0.026,0.00173308,0.120117471,0.588710179,34.6579675
2003 UQ25,2.20E-07,2.17E-02,1.11E+01,18.01,0.049,0.038160641,0.336670622,0.76173043,58.02332483
2016 JB29,2.30E-07,2.19E-02,1.12E+01,8.56,0.039,0.004346517,0.163197606,0.635592035,40.39772344
2010 XB,2.50E-07,2.24E-02,1.13E+01,19.67,0.004,2.47622E-05,0.029147159,0.413189292,17.07253908
2008 GY21,2.50E-07,2.24E-02,1.13E+01,11.1,0.01,0.00012321,0.049760185,0.472302774,22.30699104
2015 HE1,2.50E-07,2.24E-02,1.13E+01,14.6,0.013,0.000468313,0.077656639,0.527891474,27.86694078
2015 YV20,2.60E-07,2.26E-02,1.13E+01,5.94,0.113,0.050910601,0.370626163,0.780250433,60.87907382
2016 EL1,2.70E-07,2.28E-02,1.14E+01,19.79,0.009,0.000285509,0.065847563,0.506564704,25.66077997
2009 BR5,2.70E-07,2.28E-02,1.14E+01,18,0.13,0.711828,0.892877109,0.972070855,94.49217477
2014 KW76,2.80E-07,2.30E-02,1.15E+01,15,0.008,0.0001152,0.048657616,0.469664469,22.05847138
2007 UT3,2.80E-07,2.30E-02,1.15E+01,9.05,0.024,0.00113222,0.104226214,0.568190856,32.28408489
2010 XB73,2.80E-07,2.30E-02,1.15E+01,5.98,0.11,0.047597092,0.362404411,0.775886809,60.2000341
2008 KT,2.90E-07,2.32E-02,1.15E+01,3,0.008,0.000004608,0.016640671,0.359163922,12.89987232
2011 UR63,2.90E-07,2.32E-02,1.15E+01,12.57,0.024,0.00218426,0.129748225,0.600171484,36.02058099
2014 JV79,2.90E-07,2.32E-02,1.15E+01,11.17,0.031,0.00371699,0.15490442,0.627358739,39.35789879
2011 AZ36,3.00E-07,2.34E-02,1.16E+01,7.4,0.032,0.001794376,0.12151721,0.590417808,34.85931877
1997 TC25,3.00E-07,2.34E-02,1.16E+01,9.89,0.039,0.005802116,0.179692024,0.65107677,42.39009606
2016 AF2,3.10E-07,2.36E-02,1.16E+01,5.87,0.009,2.51191E-05,0.02928653,0.413682336,17.11330754
2005 UC3,3.10E-07,2.36E-02,1.16E+01,7.81,0.013,0.000134008,0.051173373,0.475620988,22.62153239
2006 XZ2,3.10E-07,2.36E-02,1.16E+01,9.06,0.013,0.000180338,0.056497446,0.487536578,23.76919145
2015 GB1,3.10E-07,2.36E-02,1.16E+01,7.29,0.016,0.000217678,0.060154991,0.495242511,24.52651449
2011 WN69,3.10E-07,2.36E-02,1.16E+01,23.03,0.019,0.003637883,0.1537976,0.626235077,39.21703717
2016 AU193,3.10E-07,2.36E-02,1.16E+01,21.77,0.03,0.012796188,0.233898197,0.695435279,48.36302276
2016 DY30,3.20E-07,2.38E-02,1.16E+01,15.64,0.003,6.60446E-06,0.018761998,0.370100585,13.69744432
2011 VG9,3.20E-07,2.38E-02,1.16E+01,24.79,0.121,1.08870236,1.028733908,1.007107346,101.4265206
2014 HS197,3.40E-07,2.41E-02,1.17E+01,16.97,0.004,1.84308E-05,0.026414834,0.403145644,16.25264102
2016 FW3,3.50E-07,2.43E-02,1.18E+01,8.79,0.027,0.001520789,0.114997839,0.582334366,33.91133135
2010 LJ68,3.50E-07,2.43E-02,1.18E+01,9.69,0.089,0.06619384,0.404519248,0.79750754,63.60182766
2016 GS134,3.60E-07,2.45E-02,1.18E+01,11.02,0.009,8.85301E-05,0.044568728,0.459470423,21.11130692
2000 SZ162,3.80E-07,2.48E-02,1.19E+01,4.17,0.013,3.82034E-05,0.033679636,0.428392488,18.35201242
2007 VD8,3.80E-07,2.48E-02,1.19E+01,12.62,0.01,0.000159264,0.054205028,0.482513971,23.2819732
2016 TM,3.90E-07,2.50E-02,1.19E+01,4.33,0.011,2.49548E-05,0.029222539,0.41345618,17.09460124
2004 XB45,3.90E-07,2.50E-02,1.19E+01,17.02,0.019,0.001986918,0.125716796,0.59545415,35.45656444
2012 TU231,4.00E-07,2.51E-02,1.20E+01,9.97,0.02,0.000795207,0.09264602,0.55170471,30.43780875
2015 VK1,4.00E-07,2.51E-02,1.20E+01,14.73,0.017,0.001065988,0.102152912,0.565343871,31.96136923
2005 UL6,4.20E-07,2.55E-02,1.20E+01,12.02,0.042,0.010704264,0.220386812,0.685166941,46.94537376
2008 DA4,4.20E-07,2.55E-02,1.20E+01,11.13,0.056,0.021754766,0.279158895,0.726880248,52.83548945
2008 JL24,4.30E-07,2.56E-02,1.21E+01,2.7,0.004,4.6656E-07,0.007755965,0.296762457,8.806795606
2004 RU109,4.30E-07,2.56E-02,1.21E+01,12.93,0.017,0.000821379,0.093651471,0.553195516,30.60252788
2012 UE,4.40E-07,2.58E-02,1.21E+01,13.23,0.007,6.00363E-05,0.039156566,0.444837254,19.78801821
1997 UA11,4.40E-07,2.58E-02,1.21E+01,11.96,0.032,0.004687187,0.167354514,0.63960133,40.90898608
2016 JA,4.50E-07,2.59E-02,1.21E+01,7.6,0.011,7.68786E-05,0.042520831,0.454098886,20.62057984
2016 TT,4.50E-07,2.59E-02,1.21E+01,11.59,0.021,0.001244013,0.107549464,0.572666875,32.79473501
2008 UM1,5.00E-07,2.66E-02,1.23E+01,19.03,0.002,2.89713E-06,0.014255721,0.345539179,11.93973242
2005 BS1,5.10E-07,2.67E-02,1.23E+01,12.36,0.012,0.000263986,0.064149542,0.503266926,25.32775986
2004 BN41,5.20E-07,2.69E-02,1.23E+01,7.58,0.024,0.000794277,0.092609892,0.551650917,30.43187346
2008 FF5,5.20E-07,2.69E-02,1.23E+01,39.47,0.081,0.827921783,0.938994618,0.984386787,96.90173467
2012 TP20,5.30E-07,2.70E-02,1.24E+01,7.31,0.009,3.89549E-05,0.033899042,0.429088482,18.41169253
2008 YC29,5.40E-07,2.71E-02,1.24E+01,10.79,0.028,0.002555742,0.136722186,0.608078641,36.97596331
2005 WG57,5.50E-07,2.72E-02,1.24E+01,9.88,0.063,0.024408188,0.290076032,0.733884916,53.85870699
2012 YR1,5.60E-07,2.74E-02,1.25E+01,7.84,0.017,0.00030198,0.067090284,0.508938034,25.9017922
1998 DK36,5.60E-07,2.74E-02,1.25E+01,6.19,0.034,0.001505976,0.114623241,0.581859555,33.85605422
2008 EV84,5.60E-07,2.74E-02,1.25E+01,12.94,0.029,0.004083782,0.159840752,0.632298103,39.98008911
2016 JL38,5.70E-07,2.75E-02,1.25E+01,2.88,0.02,6.63552E-05,0.040484768,0.448562448,20.120827
2010 WW8,5.70E-07,2.75E-02,1.25E+01,4.45,0.015,6.68334E-05,0.040581796,0.44883097,20.144924
2013 WM,5.70E-07,2.75E-02,1.25E+01,35.41,0.055,0.208612305,0.593080039,0.877563046,77.01168995
2012 BP123,5.90E-07,2.77E-02,1.25E+01,4.6,0.013,4.64885E-05,0.035956872,0.435457201,18.96229739
2015 MC131,5.90E-07,2.77E-02,1.25E+01,4.53,0.033,0.00073746,0.090346793,0.548249426,30.05774326
2008 VS4,5.90E-07,2.77E-02,1.25E+01,8.31,0.051,0.009160361,0.209236538,0.676331136,45.74238055
2008 XK,6.10E-07,2.79E-02,1.26E+01,9.03,0.012,0.000140903,0.0520363,0.47761351,22.81146652
2016 FE15,6.20E-07,2.81E-02,1.26E+01,12.21,0.006,3.22022E-05,0.031814739,0.422335015,17.83668653
2015 FC345,6.20E-07,2.81E-02,1.26E+01,6.76,0.009,3.33136E-05,0.032176611,0.423530876,17.93784031
2011 FQ16,6.40E-07,2.83E-02,1.26E+01,7.99,0.01,6.38401E-05,0.03996666,0.447120377,19.99166319
2014 HJ198,6.40E-07,2.83E-02,1.26E+01,21.89,0.015,0.001617206,0.117378467,0.585325047,34.26054102
2007 XB23,6.60E-07,2.85E-02,1.27E+01,4.58,0.013,4.60852E-05,0.035852574,0.435141079,18.93477587
2014 ML67,7.00E-07,2.89E-02,1.28E+01,21.18,0.05,0.05607405,0.382754796,0.786556927,61.86718001
2015 VN64,7.10E-07,2.90E-02,1.28E+01,15.86,0.01,0.00025154,0.063125106,0.501245551,25.12471019
1993 UA,7.10E-07,2.90E-02,1.28E+01,9.4,0.028,0.001939679,0.124712485,0.594261348,35.31465492
2015 HV182,7.10E-07,2.90E-02,1.28E+01,7.78,0.153,0.216787125,0.600727936,0.880378559,77.50664076
2015 SK7,7.30E-07,2.92E-02,1.28E+01,12.18,0.006,3.20441E-05,0.031762605,0.422161892,17.82206629
2016 DK2,7.50E-07,2.94E-02,1.29E+01,17.57,0.005,3.85881E-05,0.033792307,0.428750324,18.38268404
2012 WR10,7.70E-07,2.96E-02,1.29E+01,2.73,0.007,2.55634E-06,0.013673294,0.341954469,11.69328592
2008 PK9,7.80E-07,2.97E-02,1.29E+01,26.44,0.078,0.331746775,0.692259466,0.912152023,83.20213136
2015 BY3,8.00E-07,2.99E-02,1.30E+01,16.56,0.011,0.000365005,0.071466016,0.517040893,26.73312855
2008 SH148,8.10E-07,3.00E-02,1.30E+01,9.47,0.02,0.000717447,0.089522042,0.546993915,29.92023435
2016 XL23,8.20E-07,3.01E-02,1.30E+01,9.91,0.005,1.2276E-05,0.023068487,0.389721869,15.18831353
2006 HE2,8.30E-07,3.02E-02,1.30E+01,5.02,0.017,0.00012381,0.049840769,0.472493875,22.32504621
2010 CK19,8.70E-07,3.05E-02,1.31E+01,5.01,0.009,1.8298E-05,0.026351236,0.402902765,16.23306384
2008 BC15,8.70E-07,3.05E-02,1.31E+01,20.64,0.016,0.001744935,0.120390748,0.589044734,34.69736987
2014 OY391,8.80E-07,3.06E-02,1.31E+01,14.81,0.022,0.002335491,0.132676107,0.603529051,36.42473157
2002 RB182,8.80E-07,3.06E-02,1.31E+01,14.75,0.092,0.169413308,0.553327822,0.862473236,74.38600822
2011 CA7,9.00E-07,3.08E-02,1.31E+01,8.91,0.003,2.14348E-06,0.012893566,0.336971572,11.35498405
2005 TM173,9.00E-07,3.08E-02,1.31E+01,8.79,0.052,0.010863951,0.22147732,0.686012952,47.06137698
2011 AZ22,9.30E-07,3.11E-02,1.32E+01,12.52,0.006,3.38581E-05,0.032350982,0.424103511,17.98637877
2011 DV10,9.30E-07,3.11E-02,1.32E+01,16.27,0.038,0.014525326,0.243991838,0.702819536,49.39552996
2008 CJ,9.50E-07,3.12E-02,1.32E+01,8.06,0.012,0.000112257,0.048239701,0.468652731,21.96353819
2016 JO38,9.60E-07,3.13E-02,1.32E+01,7.41,0.037,0.00278126,0.140630827,0.612378779,37.50077687
2012 CU,9.70E-07,3.14E-02,1.32E+01,10.94,0.021,0.00110839,0.103489791,0.567184531,32.16982917
1979 XB,9.90E-07,3.15E-02,1.33E+01,23.63,0.657,158.3519996,5.410131866,1.525112788,232.5969016
2016 TC57,1.00E-06,3.16E-02,1.33E+01,8.74,0.013,0.000167824,0.05515916,0.484623433,23.48598723
2014 JT79,1.00E-06,3.16E-02,1.33E+01,12.02,0.016,0.000591792,0.083956881,0.538287226,28.97531375
2007 EN88,1.00E-06,3.16E-02,1.33E+01,12.16,0.017,0.000726464,0.089895504,0.547563503,29.98257893
2016 WN1,1.00E-06,3.16E-02,1.33E+01,15.09,0.029,0.005553573,0.17708869,0.648705688,42.081907
2006 BO7,1.10E-06,3.24E-02,1.34E+01,9.83,0.005,1.20786E-05,0.02294417,0.389195748,15.14733306
2016 VZ17,1.10E-06,3.24E-02,1.34E+01,9.71,0.012,0.000162923,0.054616944,0.483428054,23.37026837
2009 ST171,1.10E-06,3.24E-02,1.34E+01,9.83,0.015,0.000326123,0.06883251,0.51221041,26.23595046
2015 UH52,1.10E-06,3.24E-02,1.34E+01,11.19,0.022,0.001333301,0.110063353,0.575984352,33.17579733
2007 XZ9,1.10E-06,3.24E-02,1.34E+01,13.01,0.037,0.008573532,0.20466956,0.672609991,45.24041994
2009 CZ1,1.10E-06,3.24E-02,1.34E+01,17.81,0.044,0.027020033,0.300074176,0.740128547,54.77902668
2007 FT3,1.10E-06,3.24E-02,1.34E+01,17.05,0.34,11.42577106,2.252311768,1.225059342,150.0770391
2006 UJ185,1.20E-06,3.31E-02,1.36E+01,15.46,0.009,0.000174239,0.0558533,0.486140954,23.63330272
2015 FF36,1.20E-06,3.31E-02,1.36E+01,8.54,0.017,0.000358313,0.071026569,0.516244228,26.65081027
2015 XP,1.20E-06,3.31E-02,1.36E+01,8.23,0.024,0.00093634,0.097831294,0.559267329,31.27799452
2011 YQ1,1.20E-06,3.31E-02,1.36E+01,11.65,0.026,0.002385459,0.133615641,0.604594684,36.55347324
1999 RZ31,1.20E-06,3.31E-02,1.36E+01,8.2,0.059,0.013809684,0.239917124,0.69986667,48.98133562
1996 TC1,1.20E-06,3.31E-02,1.36E+01,24.01,0.055,0.095911877,0.457745548,0.822538117,67.65689532
2016 PO66,1.20E-06,3.31E-02,1.36E+01,25.47,0.138,1.704885233,1.194625323,1.045461223,109.2989169
2011 EM40,1.30E-06,3.38E-02,1.37E+01,10.69,0.009,8.33073E-05,0.04367447,0.457148092,20.89843781
2008 UA92,1.30E-06,3.38E-02,1.37E+01,8.38,0.012,0.000121348,0.049508214,0.471703735,22.25044132
2012 SU9,1.30E-06,3.38E-02,1.37E+01,10.88,0.012,0.000204551,0.058920602,0.492682112,24.2735663
2014 CE,1.30E-06,3.38E-02,1.37E+01,13.03,0.013,0.000373009,0.071984606,0.517976322,26.829947
2013 PS13,1.30E-06,3.38E-02,1.37E+01,17.26,0.012,0.000514784,0.080144755,0.532070005,28.30984904
2016 NL56,1.30E-06,3.38E-02,1.37E+01,13.07,0.188,1.13507543,1.043137539,1.010614194,102.1341049
2014 WU200,1.40E-06,3.44E-02,1.38E+01,1.73,0.005,3.74113E-07,0.007205554,0.291351227,8.488553755
2015 XH55,1.40E-06,3.44E-02,1.38E+01,7.14,0.005,6.37245E-06,0.018539676,0.368999295,13.61604797
2011 YC40,1.40E-06,3.44E-02,1.38E+01,10.94,0.004,7.65975E-06,0.019712341,0.374700741,14.0400645
2014 WA,1.40E-06,3.44E-02,1.38E+01,9.55,0.008,4.66957E-05,0.036010203,0.435618577,18.97635446
2010 FD,1.40E-06,3.44E-02,1.38E+01,9.79,0.021,0.000887612,0.096103917,0.55678211,31.00063178
2009 FJ,1.40E-06,3.44E-02,1.38E+01,8.94,0.036,0.003728915,0.155069902,0.627526222,39.37891597
2012 CL17,1.40E-06,3.44E-02,1.38E+01,21.54,0.024,0.006413943,0.185798288,0.656538845,43.10432552
2008 KO,1.40E-06,3.44E-02,1.38E+01,23.49,0.045,0.050280962,0.369091909,0.77944169,60.75293483
2012 ES10,1.40E-06,3.44E-02,1.38E+01,24.36,0.061,0.134692704,0.512603253,0.846146066,71.59631643
2014 KC45,1.50E-06,3.50E-02,1.39E+01,8.92,0.004,5.09225E-06,0.017204282,0.362167221,13.11650957
2016 FA14,1.50E-06,3.50E-02,1.39E+01,15.24,0.011,0.000309135,0.067615977,0.509932078,26.00307238
2010 DG77,1.50E-06,3.50E-02,1.39E+01,2.39,0.044,0.00048658,0.07865348,0.529577452,28.0452278
2006 UU17,1.50E-06,3.50E-02,1.39E+01,9.8,0.018,0.000560105,0.082430871,0.535824383,28.7107769
2015 YC1,1.50E-06,3.50E-02,1.39E+01,8.16,0.021,0.000616649,0.085116299,0.540136074,29.17469785
2010 NH,1.50E-06,3.50E-02,1.39E+01,10.29,0.025,0.001654439,0.11827245,0.586436372,34.39076178
2014 MO68,1.50E-06,3.50E-02,1.39E+01,8.36,0.067,0.021020206,0.275980875,0.724802607,52.53388195
2006 YE,1.60E-06,3.56E-02,1.40E+01,6.05,0.012,6.32491E-05,0.039842951,0.446773982,19.9606991
2003 UM3,1.60E-06,3.56E-02,1.40E+01,13.82,0.008,9.77881E-05,0.046071111,0.463294528,21.46418195
1993 HP1,1.60E-06,3.56E-02,1.40E+01,9.85,0.014,0.00026623,0.064330786,0.503622024,25.3635143
2010 VO139,1.60E-06,3.56E-02,1.40E+01,20.58,0.016,0.001734805,0.120157319,0.588758998,34.66371576
2016 CY135,1.60E-06,3.56E-02,1.40E+01,6.74,0.044,0.003869705,0.156997453,0.629467268,39.62290414
2014 OP2,1.70E-06,3.61E-02,1.41E+01,11.63,0.005,1.69071E-05,0.025665899,0.40025717,16.0205802
2004 DA53,1.70E-06,3.61E-02,1.41E+01,9.35,0.009,6.3731E-05,0.03994388,0.447056653,19.98596511
2013 UR1,1.70E-06,3.61E-02,1.41E+01,21.69,0.009,0.000342962,0.069997449,0.514363985,26.45703095
2006 SC,1.70E-06,3.61E-02,1.41E+01,12.21,0.031,0.004441364,0.16437615,0.636736434,40.54332862
2014 AG51,1.80E-06,3.66E-02,1.41E+01,14.82,0.003,5.93007E-06,0.01810034,0.366793542,13.45375027
2006 DO62,1.80E-06,3.66E-02,1.41E+01,11.01,0.007,4.15785E-05,0.034643592,0.431425419,18.61278924
2016 TQ54,1.80E-06,3.66E-02,1.41E+01,9,0.012,0.000139968,0.051920985,0.477348684,22.78617663
2009 EW,1.80E-06,3.66E-02,1.41E+01,12.83,0.018,0.000959999,0.098648452,0.560431541,31.40835117
2006 SF281,1.90E-06,3.71E-02,1.42E+01,4.49,0.02,0.000161281,0.054432827,0.483020121,23.33084373
2012 UU158,1.90E-06,3.71E-02,1.42E+01,12.28,0.014,0.000413791,0.074517844,0.522474465,27.29795667
2011 BF40,1.90E-06,3.71E-02,1.42E+01,18.5,0.037,0.017335989,0.258811087,0.713256469,50.87347902
2012 BW13,2.00E-06,3.76E-02,1.43E+01,11.69,0.012,0.000236142,0.061809835,0.498613918,24.86158389
2010 UR7,2.00E-06,3.76E-02,1.43E+01,13.34,0.011,0.000236859,0.061872344,0.498739933,24.87415211
2012 TV,2.00E-06,3.76E-02,1.43E+01,16.66,0.031,0.008268659,0.20221422,0.670583592,44.96823542
2010 UC7,2.00E-06,3.76E-02,1.43E+01,13.28,0.038,0.009677138,0.213099442,0.679431344,46.16269515
2010 VN1,2.10E-06,3.81E-02,1.44E+01,10.99,0.007,4.14276E-05,0.034601626,0.431294704,18.60151218
2014 QN266,2.10E-06,3.81E-02,1.44E+01,2.85,0.019,5.57122E-05,0.038192977,0.44207492,19.54302348
2016 EG28,2.10E-06,3.81E-02,1.44E+01,14.67,0.009,0.000156887,0.053933994,0.481909676,23.22369358
2012 XM16,2.10E-06,3.81E-02,1.44E+01,12.68,0.024,0.002222656,0.130504076,0.601043659,36.12534794
2009 HW67,2.10E-06,3.81E-02,1.44E+01,22.63,0.02,0.004096935,0.160012176,0.632467564,40.00152199
2016 SK2,2.10E-06,3.81E-02,1.44E+01,13.64,0.029,0.004537564,0.16555447,0.637874481,40.68838533
2004 VZ14,2.10E-06,3.81E-02,1.44E+01,15.26,0.03,0.006287425,0.184568512,0.655449751,42.96143757
2010 QG2,2.10E-06,3.81E-02,1.44E+01,12.88,0.048,0.018346593,0.263745553,0.716632148,51.35616352
2006 QN111,2.10E-06,3.81E-02,1.44E+01,10.55,0.06,0.02404134,0.288615437,0.73295935,53.72294085
2007 FP3,2.20E-06,3.85E-02,1.44E+01,9.65,0.007,3.1941E-05,0.031728503,0.422048534,17.81249646
2014 SR223,2.20E-06,3.85E-02,1.44E+01,15.23,0.015,0.000782841,0.092163267,0.550984606,30.35840362
2011 BG10,2.20E-06,3.85E-02,1.44E+01,12.29,0.019,0.001036011,0.101186255,0.564001658,31.80978703
2000 WJ107,2.20E-06,3.85E-02,1.44E+01,12.78,0.081,0.086799408,0.442763952,0.815723668,66.54051033
2006 JE,2.20E-06,3.85E-02,1.44E+01,26.36,0.058,0.135573495,0.513718175,0.846605787,71.67413583
2016 WF7,2.30E-06,3.89E-02,1.45E+01,6.52,0.006,9.18225E-06,0.020940304,0.380404587,14.47076499
2016 AZ193,2.30E-06,3.89E-02,1.45E+01,6.73,0.016,0.00018552,0.0570335,0.488688936,23.88168759
2010 FN,2.30E-06,3.89E-02,1.45E+01,6.78,0.016,0.000188287,0.057315635,0.489292184,23.94068409
2013 TV132,2.30E-06,3.89E-02,1.45E+01,9.16,0.017,0.000412228,0.074423925,0.522309762,27.28074871
2013 HT14,2.30E-06,3.89E-02,1.45E+01,20.53,0.019,0.002890937,0.142455613,0.6143557,37.74329257
2008 CM74,2.40E-06,3.94E-02,1.46E+01,4.07,0.008,8.48123E-06,0.020393241,0.377895365,14.28049067
2016 WU,2.40E-06,3.94E-02,1.46E+01,7.05,0.012,8.58859E-05,0.044120524,0.458310877,21.00488599
2016 EV84,2.40E-06,3.94E-02,1.46E+01,7.41,0.015,0.000185315,0.057012497,0.488643939,23.87728989
2012 VE77,2.40E-06,3.94E-02,1.46E+01,15.28,0.018,0.001361646,0.110837845,0.576994959,33.29231823
2013 CY,2.50E-06,3.98E-02,1.46E+01,2.42,0.008,2.99848E-06,0.014420054,0.346530707,12.00835308
2015 TL21,2.50E-06,3.98E-02,1.46E+01,15.32,0.017,0.001153093,0.104862796,0.56905646,32.38252547
2011 XC2,2.50E-06,3.98E-02,1.46E+01,20.75,0.085,0.264419195,0.641846228,0.89507154,80.11530613
2009 VT1,2.60E-06,4.02E-02,1.47E+01,6.97,0.004,3.10918E-06,0.014595372,0.347579212,12.08113086
2014 HB177,2.60E-06,4.02E-02,1.47E+01,6.08,0.007,1.26795E-05,0.02331849,0.390773502,15.27039296
2015 ET,2.60E-06,4.02E-02,1.47E+01,11.63,0.016,0.000554012,0.082130877,0.535336204,28.65848509
2015 DD54,2.60E-06,4.02E-02,1.47E+01,6.7,0.028,0.000985425,0.099511796,0.561653722,31.5454904
2006 BM8,2.60E-06,4.02E-02,1.47E+01,14.81,0.028,0.004814866,0.1688605,0.641035406,41.09263922
2012 PB20,2.70E-06,4.05E-02,1.47E+01,4.03,0.035,0.000696329,0.088634896,0.5456337,29.77161341
2010 TD,2.70E-06,4.05E-02,1.47E+01,18.86,0.014,0.00097604,0.099194858,0.56120598,31.49521524
2015 VL64,2.80E-06,4.09E-02,1.48E+01,8.68,0.007,2.58424E-05,0.029564998,0.414662216,17.19447533
2010 TN55,2.80E-06,4.09E-02,1.48E+01,25.37,0.014,0.00176614,0.120876445,0.58963794,34.76729001
2015 PS228,2.90E-06,4.13E-02,1.48E+01,2.55,0.005,8.12813E-07,0.009332474,0.310813016,9.660473102
2011 YC63,2.90E-06,4.13E-02,1.48E+01,18.84,0.005,4.43682E-05,0.035401685,0.433766476,18.81533557
2009 FZ4,2.90E-06,4.13E-02,1.48E+01,10.11,0.031,0.003045001,0.144942517,0.617019585,38.07131684
2007 KE4,3.00E-06,4.16E-02,1.49E+01,10.09,0.031,0.003032965,0.1447513,0.616815982,38.04619554
2005 ED224,3.00E-06,4.16E-02,1.49E+01,25.24,0.054,0.100313638,0.464643636,0.825619607,68.16477363
2016 WN7,3.10E-06,4.20E-02,1.49E+01,6.16,0.009,2.76623E-05,0.030243333,0.417020508,17.39061039
2015 VP64,3.10E-06,4.20E-02,1.49E+01,20.96,0.007,0.000150687,0.053213958,0.480293147,23.06815068
2014 FE,3.10E-06,4.20E-02,1.49E+01,19.86,0.01,0.00039442,0.073336385,0.520391116,27.08069139
2014 FX32,3.10E-06,4.20E-02,1.49E+01,9.05,0.033,0.00294333,0.143311044,0.615275915,37.85644514
2016 WR55,3.20E-06,4.23E-02,1.50E+01,14.12,0.007,6.83854E-05,0.040893521,0.44969041,20.2221465
2017 AE21,3.20E-06,4.23E-02,1.50E+01,4.97,0.034,0.000970844,0.099018538,0.560956426,31.46721118
2013 WZ44,3.20E-06,4.23E-02,1.50E+01,12.56,0.025,0.0024649,0.135082711,0.606247474,36.75359997
2006 HX57,3.20E-06,4.23E-02,1.50E+01,10.53,0.031,0.003303253,0.148929458,0.621219603,38.59137956
2010 JH80,3.20E-06,4.23E-02,1.50E+01,26.9,0.042,0.053610818,0.37706609,0.783617939,61.40570736
2010 XC,3.30E-06,4.26E-02,1.50E+01,3.96,0.005,1.9602E-06,0.012515075,0.33447092,11.18707967
2013 XS21,3.30E-06,4.26E-02,1.50E+01,7.52,0.004,3.61923E-06,0.015353423,0.352007004,12.39089307
2006 UQ216,3.30E-06,4.26E-02,1.50E+01,3.73,0.012,2.40415E-05,0.028861604,0.412173548,16.98870338
2016 LG10,3.30E-06,4.26E-02,1.50E+01,8.69,0.026,0.001327271,0.109897176,0.575766819,33.15074297
2016 FC1,3.40E-06,4.29E-02,1.51E+01,15.19,0.005,2.8842E-05,0.030667275,0.418474305,17.51207439
2014 GY44,3.40E-06,4.29E-02,1.51E+01,12.32,0.028,0.003331927,0.149359151,0.621667207,38.64701167
2017 BY93,3.40E-06,4.29E-02,1.51E+01,19.03,0.08,0.185416141,0.570228841,0.86898503,75.51349819
2012 BY1,3.50E-06,4.33E-02,1.51E+01,18.2,0.024,0.004579062,0.166057629,0.638358592,40.75016925
2012 LJ,3.50E-06,4.33E-02,1.51E+01,18.69,0.026,0.00613958,0.183110346,0.654151318,42.79139464
2009 HC,3.60E-06,4.36E-02,1.51E+01,3.72,0.038,0.000759341,0.091231656,0.549586921,30.20457841
2009 JL2,3.60E-06,4.36E-02,1.51E+01,12.83,0.022,0.001752756,0.120570331,0.589264276,34.7232387
2015 VO142,3.70E-06,4.39E-02,1.52E+01,2.82,0.005,9.9405E-07,0.009980127,0.316070541,9.990058658
2016 VA18,3.80E-06,4.42E-02,1.52E+01,7.47,0.007,1.91397E-05,0.02674926,0.404415641,16.35520105
2016 TQ2,3.80E-06,4.42E-02,1.52E+01,15.21,0.017,0.001136594,0.104360239,0.568373428,32.30483536
2013 QM48,4.00E-06,4.47E-02,1.53E+01,7.47,0.011,7.4271E-05,0.042034552,0.452794982,20.50232954
2016 JA6,4.00E-06,4.47E-02,1.53E+01,11.34,0.018,0.00074997,0.0908548,0.549018487,30.14212992
2011 FA23,4.10E-06,4.50E-02,1.53E+01,14.34,0.006,4.44173E-05,0.035414737,0.43380645,18.81880356
2010 TW54,4.20E-06,4.53E-02,1.54E+01,7.77,0.01,6.03729E-05,0.039229612,0.445044566,19.80646662
2006 WV29,4.20E-06,4.53E-02,1.54E+01,16.77,0.017,0.001381697,0.111379252,0.577698279,33.37353021
2007 KO4,4.20E-06,4.53E-02,1.54E+01,13.71,0.075,0.079297355,0.429621724,0.809601974,65.5455356
2008 YV32,4.30E-06,4.55E-02,1.54E+01,8.79,0.018,0.000450604,0.076665226,0.5261985,27.6884861
2017 AA21,4.30E-06,4.55E-02,1.54E+01,7.71,0.021,0.000550512,0.081957534,0.535053513,28.6282262
2007 YM,4.40E-06,4.58E-02,1.54E+01,7.69,0.019,0.000405615,0.074023763,0.521606254,27.20730846
2005 SO1,4.40E-06,4.58E-02,1.54E+01,12.02,0.028,0.003171634,0.146924541,0.619118221,38.33073717
2012 QD8,4.40E-06,4.58E-02,1.54E+01,20.76,0.081,0.229039167,0.611838195,0.884421204,78.22008661
2015 HE183,4.50E-06,4.61E-02,1.55E+01,13.75,0.008,0.0000968,0.045915408,0.462902593,21.42788102
2017 AT20,4.50E-06,4.61E-02,1.55E+01,7.71,0.013,0.000130599,0.050735616,0.474600547,22.52456792
2010 WC9,4.50E-06,4.61E-02,1.55E+01,12.69,0.07,0.055235382,0.380836988,0.785569802,61.71199136
2006 BC8,4.70E-06,4.66E-02,1.55E+01,13.18,0.032,0.005692208,0.178550163,0.650039972,42.25519653
2016 WN55,4.80E-06,4.68E-02,1.56E+01,0.34,0.028,2.53765E-06,0.013639883,0.341745387,11.67899094
2016 SU2,4.90E-06,4.70E-02,1.56E+01,12.73,0.01,0.000162053,0.054519551,0.483212396,23.34942201
2015 UR67,4.90E-06,4.70E-02,1.56E+01,11.63,0.019,0.000927727,0.097530416,0.558836829,31.2298601
2009 OW6,4.90E-06,4.70E-02,1.56E+01,6.65,0.029,0.001078543,0.102552384,0.56589576,32.02380117
2008 EK68,5.00E-06,4.73E-02,1.56E+01,7.43,0.004,3.53311E-06,0.015230677,0.351301335,12.34126279
2007 EV,5.00E-06,4.73E-02,1.56E+01,10.58,0.033,0.004022658,0.159039274,0.631503986,39.87972846
2016 NP56,5.10E-06,4.75E-02,1.56E+01,2.14,0.019,3.14115E-05,0.031552186,0.42146097,17.76293493
2004 FH,5.10E-06,4.75E-02,1.56E+01,6.97,0.02,0.000388647,0.072976861,0.519752151,27.01422984
2010 MA113,5.20E-06,4.78E-02,1.57E+01,3.06,0.078,0.004443515,0.164402678,0.636762123,40.54660008
2013 NE24,5.40E-06,4.82E-02,1.57E+01,10.83,0.011,0.000156112,0.053844951,0.481710649,23.20451496
2014 SR261,5.40E-06,4.82E-02,1.57E+01,15.27,0.015,0.000786959,0.092324568,0.551225526,30.38495811
2008 YO2,5.50E-06,4.84E-02,1.57E+01,16.48,0.031,0.00809095,0.200755059,0.669370587,44.80569821
2016 WG,5.50E-06,4.84E-02,1.57E+01,23.6,0.074,0.225693559,0.608844502,0.883337356,78.02848849
2011 AK37,6.00E-06,4.95E-02,1.59E+01,11.87,0.031,0.00419746,0.161310328,0.633746455,40.16345697
2010 UJ,6.10E-06,4.97E-02,1.59E+01,2.84,0.019,5.5322E-05,0.038103584,0.441816018,19.52013936
2007 YS56,6.10E-06,4.97E-02,1.59E+01,9.14,0.023,0.001016426,0.100544573,0.563105356,31.70876421
2002 MN,6.10E-06,4.97E-02,1.59E+01,10.37,0.073,0.041833682,0.347143228,0.767586229,58.91886185
2013 GW38,6.40E-06,5.03E-02,1.60E+01,10.26,0.007,3.61068E-05,0.033051889,0.426382204,18.18017839
2016 JN38,6.50E-06,5.05E-02,1.60E+01,19.51,0.005,4.758E-05,0.036236106,0.436300167,19.03578358
2007 US51,6.70E-06,5.09E-02,1.60E+01,15.29,0.012,0.000403979,0.073924132,0.521430654,27.1889927
2013 AB65,6.70E-06,5.09E-02,1.60E+01,24.42,0.01,0.000596336,0.084171249,0.538630502,29.01228176
2009 FP32,6.90E-06,5.13E-02,1.61E+01,15.06,0.01,0.000226804,0.060984104,0.496940236,24.69495982
2016 TQ18,6.90E-06,5.13E-02,1.61E+01,9.59,0.018,0.000536358,0.081249041,0.533893411,28.50421739
2010 MY112,7.00E-06,5.14E-02,1.61E+01,2.1,0.029,0.000107555,0.047556607,0.466984768,21.80747737
2012 BA102,7.00E-06,5.14E-02,1.61E+01,7.23,0.017,0.000256817,0.063563498,0.502113556,25.21180231
2014 UD57,7.00E-06,5.14E-02,1.61E+01,8.72,0.023,0.000925159,0.097440348,0.558707764,31.21543655
2009 HS44,7.00E-06,5.14E-02,1.61E+01,18.29,0.017,0.001643517,0.118011607,0.586112767,34.35281753
2009 TB,7.10E-06,5.16E-02,1.61E+01,10.84,0.005,1.46882E-05,0.024490042,0.395591892,15.64929448
2009 VZ39,7.10E-06,5.16E-02,1.61E+01,6.33,0.009,2.92102E-05,0.03079723,0.41891693,17.54913944
2015 EO,7.10E-06,5.16E-02,1.61E+01,14.25,0.016,0.000831744,0.09404374,0.553773887,30.66655181
1995 CS,7.10E-06,5.16E-02,1.61E+01,25.43,0.028,0.014196027,0.242133904,0.701477751,49.20710358
2012 WS3,7.30E-06,5.20E-02,1.62E+01,8.79,0.022,0.000822708,0.093701943,0.553270035,30.61077314
2015 YM1,7.60E-06,5.25E-02,1.62E+01,6.81,0.007,1.5907E-05,0.025149505,0.398228522,15.85859558
2003 YS70,7.70E-06,5.27E-02,1.62E+01,3.16,0.006,2.15689E-06,0.0129204,0.337146762,11.36679391
2016 VF18,7.70E-06,5.27E-02,1.62E+01,10.09,0.004,6.51572E-06,0.018677587,0.369683606,13.66659688
2014 EU,7.70E-06,5.27E-02,1.62E+01,5.64,0.01,3.18096E-05,0.031684929,0.421903554,17.80026091
2006 BF56,7.90E-06,5.30E-02,1.63E+01,26.18,0.004,4.38651E-05,0.035267371,0.433354461,18.77960888
2009 FG,8.00E-06,5.32E-02,1.63E+01,9.12,0.027,0.001637122,0.117858341,0.585922372,34.3305026
2014 HD198,8.10E-06,5.33E-02,1.63E+01,17.54,0.004,1.96897E-05,0.027003064,0.405371547,16.43260914
2007 WP3,8.20E-06,5.35E-02,1.63E+01,13.03,0.067,0.051063813,0.370997583,0.78044584,60.90957089
2013 PG10,8.30E-06,5.37E-02,1.63E+01,6.87,0.01,4.71969E-05,0.036138586,0.436006325,19.01015155
2015 TG24,8.50E-06,5.40E-02,1.64E+01,9.84,0.016,0.000396598,0.073471129,0.520629987,27.10555833
2011 BU59,8.50E-06,5.40E-02,1.64E+01,11.34,0.02,0.001028765,0.100949777,0.563671843,31.77259469
2010 MZ112,8.60E-06,5.42E-02,1.64E+01,1.54,0.028,5.20614E-05,0.037339788,0.439585098,19.32350583
2010 TW149,8.60E-06,5.42E-02,1.64E+01,17.04,0.023,0.00353283,0.152302686,0.624707746,39.02597675
2009 YR,8.70E-06,5.43E-02,1.64E+01,3.12,0.009,7.09638E-06,0.019216704,0.372322881,13.86243276
2016 CH30,8.90E-06,5.46E-02,1.64E+01,5.46,0.009,2.17327E-05,0.027906429,0.408720168,16.70521754
2007 EO88,8.90E-06,5.46E-02,1.64E+01,10.95,0.018,0.000699271,0.088759583,0.545825489,29.79254648
2006 HF6,8.90E-06,5.46E-02,1.64E+01,16.4,0.043,0.021384203,0.277564778,0.725840319,52.68441683
99942 Apophis (2004 MN4),8.90E-06,5.46E-02,1.64E+01,5.85,0.37,1.733472293,1.2012654,1.046910949,109.6022536
2014 TL,9.10E-06,5.49E-02,1.65E+01,10.72,0.009,8.37755E-05,0.043756143,0.457361663,20.91796907
2007 TL16,9.10E-06,5.49E-02,1.65E+01,11.43,0.019,0.000896093,0.096409039,0.557223519,31.04980502
2011 UD21,9.30E-06,5.52E-02,1.65E+01,1.29,0.007,5.70786E-07,0.008295155,0.301790892,9.107774236
2011 TO,9.30E-06,5.52E-02,1.65E+01,8.55,0.019,0.00050141,0.079444593,0.530904108,28.18591722
2002 VU17,9.30E-06,5.52E-02,1.65E+01,13.69,0.038,0.010283896,0.217463261,0.682883271,46.63295622
2008 CB6,9.60E-06,5.57E-02,1.66E+01,7.43,0.013,0.000121285,0.049499699,0.471683452,22.2485279
2002 UV36,9.70E-06,5.58E-02,1.66E+01,8.06,0.016,0.000266091,0.064319601,0.503600133,25.36130938
2001 BA16,9.80E-06,5.60E-02,1.66E+01,4.9,0.023,0.00029213,0.066352693,0.507533413,25.75901654
2010 RM80,1.10E-05,5.76E-02,1.67E+01,5.36,0.009,2.09439E-05,0.027564643,0.407462919,16.60260305
2007 DC,1.10E-05,5.76E-02,1.67E+01,6.71,0.011,5.99271E-05,0.03913281,0.444769766,19.7820145
1991 BA,1.10E-05,5.76E-02,1.67E+01,17.23,0.006,6.41245E-05,0.04002593,0.447286055,20.00648154
2006 WZ184,1.10E-05,5.76E-02,1.67E+01,7.26,0.021,0.000488125,0.07873667,0.529717426,28.06005519
2017 BO32,1.10E-05,5.76E-02,1.67E+01,8.76,0.041,0.005288832,0.174228793,0.646070605,41.74072266
2005 AU3,1.20E-05,5.89E-02,1.69E+01,14.4,0.021,0.001920361,0.124297089,0.593765882,35.25579223
2009 TH8,1.20E-05,5.89E-02,1.69E+01,13.03,0.036,0.007921298,0.199341985,0.668189573,44.64773059
2015 RN35,1.20E-05,5.89E-02,1.69E+01,5.72,0.085,0.020093187,0.271862691,0.722083469,52.14045369
2013 RZ53,1.30E-05,6.00E-02,1.70E+01,1.25,0.002,1.25E-08,0.002320794,0.219487185,4.81746242
2008 VL,1.30E-05,6.00E-02,1.70E+01,9.68,0.009,6.8309E-05,0.040878293,0.449648539,20.21838089
2013 RS43,1.30E-05,6.00E-02,1.70E+01,5.69,0.013,7.11303E-05,0.041433491,0.451167578,20.35521833
2008 EM68,1.30E-05,6.00E-02,1.70E+01,14.54,0.01,0.000211412,0.059572104,0.494038432,24.4073972
2012 VS76,1.30E-05,6.00E-02,1.70E+01,11.48,0.014,0.000361633,0.071245258,0.516641145,26.69180728
2009 RR,1.30E-05,6.00E-02,1.70E+01,12.95,0.026,0.002947539,0.143379323,0.615349188,37.8654623
2009 FZ10,1.30E-05,6.00E-02,1.70E+01,13.01,0.027,0.003331547,0.149353462,0.621661288,38.64627568
2015 FU344,1.40E-05,6.12E-02,1.71E+01,9.92,0.002,7.87251E-07,0.009233601,0.309986498,9.609162886
2011 UL169,1.40E-05,6.12E-02,1.71E+01,9.35,0.007,2.99859E-05,0.031067462,0.419832877,17.62596447
2011 DS,1.40E-05,6.12E-02,1.71E+01,6.54,0.013,9.39692E-05,0.045463394,0.4617591,21.32214663
2014 LJ,1.50E-05,6.22E-02,1.72E+01,3.61,0.007,4.47001E-06,0.016472879,0.358255096,12.8346714
2016 TG94,1.50E-05,6.22E-02,1.72E+01,8.74,0.004,4.88881E-06,0.016972049,0.3609388,13.02768172
2011 CF66,1.50E-05,6.22E-02,1.72E+01,12.52,0.01,0.00015675,0.053918304,0.481874622,23.22031514
2004 VM24,1.50E-05,6.22E-02,1.72E+01,12.86,0.025,0.002584056,0.137225236,0.608637206,37.0439248
2012 SY49,1.50E-05,6.22E-02,1.72E+01,15.65,0.023,0.002979972,0.143903292,0.615910606,37.93458745
2008 US,1.60E-05,6.32E-02,1.73E+01,18.33,0.002,2.68791E-06,0.013903953,0.343387575,11.79150265
2013 HT150,1.60E-05,6.32E-02,1.73E+01,14.34,0.028,0.004514113,0.165268772,0.637599106,40.65326205
2003 WT153,1.70E-05,6.42E-02,1.74E+01,4.41,0.008,9.95743E-06,0.02151373,0.382982499,14.66755943
2006 GU2,1.70E-05,6.42E-02,1.74E+01,7.3,0.009,3.88484E-05,0.033868119,0.428990595,18.40329303
2012 BL14,1.70E-05,6.42E-02,1.74E+01,19.82,0.008,0.00020113,0.058590304,0.491990185,24.20543417
2016 BA15,1.70E-05,6.42E-02,1.74E+01,15.88,0.015,0.000851089,0.094767246,0.554835914,30.7842891
2011 UM169,1.70E-05,6.42E-02,1.74E+01,13.95,0.033,0.00699343,0.191233253,0.661288321,43.73022439
2014 HJ197,1.80E-05,6.51E-02,1.75E+01,4.51,0.003,5.49183E-07,0.008189152,0.300822099,9.049393528
2010 VP139,1.80E-05,6.51E-02,1.75E+01,2.04,0.007,1.42743E-06,0.011259475,0.325746335,10.61106747
2005 TA,1.80E-05,6.51E-02,1.75E+01,4.8,0.012,3.98131E-05,0.034146176,0.429868397,18.47868386
2008 DB,1.80E-05,6.51E-02,1.75E+01,6.97,0.025,0.000759077,0.091221077,0.549570988,30.20282714
2011 CU46,1.80E-05,6.51E-02,1.75E+01,16.18,0.028,0.005746867,0.179119847,0.650557859,42.32255273
2017 BG92,1.90E-05,6.60E-02,1.75E+01,5.31,0.006,6.09036E-06,0.018261969,0.367609647,13.51368523
2016 TY55,1.90E-05,6.60E-02,1.75E+01,4.61,0.014,5.83158E-05,0.038778885,0.443760692,19.69235515
2011 UC64,1.90E-05,6.60E-02,1.75E+01,14.05,0.009,0.000143906,0.052403472,0.478453807,22.89180456
2007 DS7,1.90E-05,6.60E-02,1.75E+01,12.39,0.023,0.001867782,0.123152162,0.592393808,35.09304232
443104 (2013 XK22),1.90E-05,6.60E-02,1.75E+01,6.9,0.05,0.00595125,0.181218584,0.652455179,42.56977608
2016 EM156,2.00E-05,6.69E-02,1.76E+01,8.81,0.009,5.65821E-05,0.038390737,0.442646069,19.59355427
2014 MA68,2.00E-05,6.69E-02,1.76E+01,4.95,0.022,0.000260903,0.063898816,0.502774454,25.2782152
2016 FV13,2.00E-05,6.69E-02,1.76E+01,11.06,0.023,0.001488311,0.114173309,0.581287718,33.7895411
2009 TU,2.10E-05,6.77E-02,1.77E+01,15.15,0.011,0.000305494,0.06734951,0.509428937,25.95178414
2014 GN1,2.10E-05,6.77E-02,1.77E+01,21.23,0.041,0.031063584,0.314352694,0.748780105,56.06716452
2016 TH,2.20E-05,6.85E-02,1.77E+01,7.4,0.004,3.50464E-06,0.015189651,0.351064529,12.32463034
2016 FZ13,2.20E-05,6.85E-02,1.77E+01,4.3,0.007,6.34207E-06,0.018510167,0.368852376,13.60520756
2009 WW7,2.20E-05,6.85E-02,1.77E+01,8.2,0.006,1.45238E-05,0.024398352,0.395221099,15.6199717
2009 VA,2.20E-05,6.85E-02,1.77E+01,8.24,0.006,1.46659E-05,0.024477631,0.395541766,15.64532884
2007 VE8,2.20E-05,6.85E-02,1.77E+01,9.05,0.028,0.001797924,0.121597249,0.590515005,34.87079714
2008 GM2,2.30E-05,6.93E-02,1.78E+01,4.61,0.007,7.28947E-06,0.019389443,0.373156775,13.92459786
2016 WT,2.30E-05,6.93E-02,1.78E+01,10.71,0.004,7.34106E-06,0.019435079,0.373376153,13.94097514
2010 UK,2.30E-05,6.93E-02,1.78E+01,6.11,0.014,0.000102439,0.046790265,0.465092009,21.63105764
2007 UO6,2.30E-05,6.93E-02,1.78E+01,11.68,0.011,0.000181578,0.056626699,0.487815181,23.7963651
2009 TD17,2.40E-05,7.00E-02,1.79E+01,6.57,0.01,4.31649E-05,0.035078707,0.432773734,18.72931051
2013 BL18,2.40E-05,7.00E-02,1.79E+01,14.19,0.022,0.00214404,0.128946911,0.599242678,35.9091787
2013 EV27,2.50E-05,7.07E-02,1.79E+01,12.37,0.014,0.000419878,0.074881494,0.523110727,27.36448323
2002 TY59,2.50E-05,7.07E-02,1.79E+01,8.22,0.028,0.001483262,0.114044035,0.581123106,33.77040649
2008 EA9,2.60E-05,7.14E-02,1.80E+01,1.24,0.01,1.5376E-06,0.011542001,0.327770815,10.74337071
2011 AY22,2.60E-05,7.14E-02,1.80E+01,12.98,0.013,0.000370151,0.071800337,0.517644519,26.79558484
2008 ST7,2.60E-05,7.14E-02,1.80E+01,9.98,0.052,0.014004613,0.241040695,0.700684633,49.09589547
2005 TH50,2.70E-05,7.21E-02,1.80E+01,4.88,0.009,1.73607E-05,0.025893399,0.401141195,16.09142586
2008 EX5,2.70E-05,7.21E-02,1.80E+01,9.92,0.059,0.020210608,0.272391234,0.722434174,52.19111357
2008 TS10,2.80E-05,7.27E-02,1.81E+01,3.18,0.006,2.18428E-06,0.012974859,0.337501468,11.39072408
2011 ES4,2.90E-05,7.34E-02,1.81E+01,7.75,0.025,0.000938477,0.097905662,0.559373583,31.28988055
2013 BR27,3.00E-05,7.40E-02,1.82E+01,10.95,0.01,0.000119903,0.049310879,0.47123299,22.20605305
2010 NN,3.20E-05,7.52E-02,1.83E+01,7.74,0.007,2.05483E-05,0.027389999,0.40681598,16.54992412
2013 FU13,3.20E-05,7.52E-02,1.83E+01,5.74,0.012,5.69335E-05,0.038470028,0.442874451,19.61377793
2011 MX,3.20E-05,7.52E-02,1.83E+01,12.19,0.014,0.000407748,0.074153304,0.521834306,27.23110427
2007 TX22,3.40E-05,7.64E-02,1.84E+01,8.87,0.007,2.69862E-05,0.029994879,0.416161385,17.31902982
2006 SR131,3.40E-05,7.64E-02,1.84E+01,8.46,0.009,5.21757E-05,0.037367102,0.439665466,19.33057217
2016 QY84,3.60E-05,7.75E-02,1.85E+01,3.15,0.002,7.938E-08,0.004297709,0.256040849,6.555691614
2008 VM,3.60E-05,7.75E-02,1.85E+01,10.26,0.003,2.84223E-06,0.014165095,0.344988703,11.90172051
2016 EP84,3.60E-05,7.75E-02,1.85E+01,2.33,0.011,7.22587E-06,0.019332883,0.372884352,13.90427396
2012 BA77,3.60E-05,7.75E-02,1.85E+01,12.72,0.023,0.001968601,0.125329289,0.594994764,35.40187697
2012 EK5,3.70E-05,7.80E-02,1.85E+01,15.13,0.026,0.004023443,0.159049619,0.631514255,39.88102545
2009 WP6,3.80E-05,7.85E-02,1.85E+01,25.34,0.015,0.00216714,0.12940836,0.599778071,35.97337346
2013 GA55,3.90E-05,7.90E-02,1.86E+01,9.34,0.01,8.72356E-05,0.044350438,0.458906786,21.05954378
2010 KV7,3.90E-05,7.90E-02,1.86E+01,5.37,0.021,0.000267059,0.064397472,0.503752489,25.37665698
2007 DX40,3.90E-05,7.90E-02,1.86E+01,15.55,0.041,0.01666527,0.255429343,0.710915031,50.54001806
2010 HP20,4.10E-05,8.00E-02,1.86E+01,7.66,0.008,3.00419E-05,0.031086787,0.419898147,17.63144541
2012 DW60,4.10E-05,8.00E-02,1.86E+01,5.4,0.017,0.000143263,0.052325264,0.478275194,22.87471617
2015 BW516,4.30E-05,8.10E-02,1.87E+01,11.41,0.01,0.000130188,0.050682391,0.474476027,22.51274998
2011 OB26,4.40E-05,8.14E-02,1.87E+01,11,0.026,0.002126696,0.128598274,0.598837219,35.86060143
2014 HY198,4.50E-05,8.19E-02,1.88E+01,6.52,0.004,2.72067E-06,0.013960203,0.343734347,11.81533014
1991 VG,4.60E-05,8.24E-02,1.88E+01,1.02,0.007,3.56857E-07,0.007093025,0.290206992,8.422009829
2016 GK2,4.60E-05,8.24E-02,1.88E+01,9.12,0.009,6.06341E-05,0.039286114,0.445204727,19.82072492
2011 CL50,4.70E-05,8.28E-02,1.88E+01,3.51,0.01,1.23201E-05,0.023096069,0.389838313,15.19739106
2010 CS19,4.80E-05,8.32E-02,1.89E+01,6.82,0.009,3.39075E-05,0.032366725,0.424155097,17.9907546
2011 FQ6,4.80E-05,8.32E-02,1.89E+01,10.5,0.01,0.00011025,0.04795047,0.467948669,21.8975957
1994 GK,4.80E-05,8.32E-02,1.89E+01,14.87,0.048,0.02445376,0.290256453,0.733999004,53.87545383
2012 BK14,4.90E-05,8.37E-02,1.89E+01,3.67,0.009,9.81883E-06,0.021413445,0.382535406,14.63333369
2008 CT1,5.00E-05,8.41E-02,1.89E+01,13.67,0.01,0.000186869,0.057171424,0.488984117,23.91054663
2008 TE,5.10E-05,8.45E-02,1.90E+01,11.84,0.01,0.000140186,0.051947877,0.477410482,22.79207686
2014 WE6,5.20E-05,8.49E-02,1.90E+01,4.42,0.003,5.27483E-07,0.00807984,0.29981316,8.988793093
2008 WO2,5.30E-05,8.53E-02,1.90E+01,6.11,0.004,2.38925E-06,0.013368647,0.340033626,11.56228666
2016 CD30,5.30E-05,8.53E-02,1.90E+01,10.53,0.01,0.000110881,0.048041761,0.468171237,21.91843072
2011 SM173,5.30E-05,8.53E-02,1.90E+01,14.25,0.009,0.000148033,0.052899604,0.479582254,22.99991386
2011 EB,5.30E-05,8.53E-02,1.90E+01,10.31,0.014,0.000291676,0.066318365,0.507467756,25.75235238
2015 XA378,5.30E-05,8.53E-02,1.90E+01,17.9,0.027,0.00630663,0.184756241,0.655616356,42.98328061
2011 CF22,5.40E-05,8.57E-02,1.90E+01,18.81,0.002,2.83053E-06,0.014145638,0.34487017,11.89354344
2009 BF58,5.40E-05,8.57E-02,1.90E+01,6.68,0.012,7.71075E-05,0.042562999,0.454211426,20.63080198
2014 JU15,5.40E-05,8.57E-02,1.90E+01,10.34,0.039,0.006342126,0.185102222,0.655923073,43.0235078
2010 JL88,5.50E-05,8.61E-02,1.91E+01,14.87,0.015,0.00074627,0.090705141,0.548792258,30.11729427
2010 GM23,5.50E-05,8.61E-02,1.91E+01,13.44,0.04,0.01156055,0.226113332,0.689575055,47.55137562
2014 GQ17,5.60E-05,8.65E-02,1.91E+01,5.42,0.013,6.454E-05,0.040112175,0.447526805,20.02802409
2010 JH110,5.60E-05,8.65E-02,1.91E+01,8.08,0.019,0.000447799,0.076505826,0.525924772,27.65968654
2005 VN5,5.70E-05,8.69E-02,1.91E+01,6.58,0.014,0.000118805,0.04916001,0.470872135,22.17205679
2016 SR2,5.70E-05,8.69E-02,1.91E+01,5.95,0.019,0.000242826,0.062387595,0.499775038,24.9775089
2014 QC391,5.90E-05,8.76E-02,1.92E+01,7.61,0.011,7.7081E-05,0.042558122,0.454198415,20.62961999
2014 YN,6.10E-05,8.84E-02,1.92E+01,3.27,0.024,0.000147819,0.052874111,0.479524465,22.99437123
2013 TP4,6.20E-05,8.87E-02,1.92E+01,25.3,0.011,0.00085196,0.09479957,0.55488322,30.78953876
2015 BE511,6.40E-05,8.94E-02,1.93E+01,9.88,0.006,2.10847E-05,0.027626289,0.407690542,16.62115783
2008 UB7,6.60E-05,9.01E-02,1.93E+01,18.47,0.057,0.063176907,0.398277818,0.794413343,63.10925591
2010 UH,6.70E-05,9.05E-02,1.94E+01,6.74,0.013,9.98044E-05,0.046385611,0.464083172,21.53731905
2015 DQ224,6.80E-05,9.08E-02,1.94E+01,14.59,0.005,2.66085E-05,0.029854298,0.415672905,17.27839638
2010 VW194,6.80E-05,9.08E-02,1.94E+01,7.31,0.017,0.000262532,0.064031524,0.503035297,25.30445102
2008 ST,7.00E-05,9.15E-02,1.94E+01,3.24,0.013,2.30632E-05,0.028464705,0.41074915,16.8714864
2010 XN69,7.30E-05,9.24E-02,1.95E+01,6.63,0.019,0.0003015,0.06705471,0.508870555,25.89492415
2008 UA202,7.60E-05,9.34E-02,1.95E+01,2.3,0.004,3.3856E-07,0.006969665,0.288936874,8.34845174
2013 YB,7.60E-05,9.34E-02,1.95E+01,8.98,0.002,6.45123E-07,0.008640673,0.304885583,9.295521864
2006 QV89,7.60E-05,9.34E-02,1.95E+01,5.16,0.03,0.000718891,0.089582062,0.547085575,29.93026265
2009 TM8,7.70E-05,9.37E-02,1.96E+01,7.96,0.007,2.1733E-05,0.027906589,0.408720751,16.70526525
2005 QK76,7.70E-05,9.37E-02,1.96E+01,19.66,0.031,0.011514686,0.225813916,0.68934666,47.51988177
2007 CC27,8.00E-05,9.46E-02,1.96E+01,10.88,0.014,0.000324819,0.068740702,0.512039531,26.21844817
2016 JB18,8.10E-05,9.49E-02,1.96E+01,3.25,0.011,1.40587E-05,0.024135053,0.394150485,15.53546045
2004 PU42,8.30E-05,9.54E-02,1.97E+01,10.11,0.015,0.000344966,0.070133476,0.514613696,26.48272565
2012 TC4,8.50E-05,9.60E-02,1.97E+01,6.51,0.015,0.000143033,0.052297218,0.478211093,22.86858495
2008 JL3,8.50E-05,9.60E-02,1.97E+01,8.42,0.029,0.001729092,0.120025279,0.588597186,34.64466472
2008 LD,8.90E-05,9.71E-02,1.98E+01,4.13,0.006,3.68429E-06,0.015444883,0.35253006,12.4277443
2007 UD6,9.00E-05,9.74E-02,1.98E+01,5.99,0.007,1.23069E-05,0.023087802,0.389803422,15.19467076
2005 XA8,9.10E-05,9.77E-02,1.98E+01,12.08,0.025,0.0022801,0.131618812,0.602323061,36.27930698
2012 EP10,9.50E-05,9.87E-02,1.99E+01,2.78,0.005,9.6605E-07,0.009885528,0.315318874,9.942599232
2013 RO30,9.50E-05,9.87E-02,1.99E+01,9.26,0.007,2.94114E-05,0.030867778,0.419156631,17.56922814
2016 WY,9.70E-05,9.92E-02,1.99E+01,3.24,0.005,1.3122E-06,0.010947964,0.323469499,10.46325169
2014 CR13,9.90E-05,9.97E-02,1.99E+01,12.29,0.024,0.002088034,0.127814217,0.597922355,35.75111424
2015 WP2,0.0001,1.00E-01,1.99E+01,12.62,0.003,4.30014E-06,0.016261508,0.357100293,12.7520619
2011 SO189,0.0001,1.00E-01,1.99E+01,12.98,0.017,0.000827744,0.093892748,0.553551475,30.64192356
2012 VJ38,0.00011,1.02E-01,2.01E+01,4.45,0.007,6.79226E-06,0.018938172,0.370966346,13.76160296
2009 WR52,0.00011,1.02E-01,2.01E+01,5.42,0.007,1.00761E-05,0.021598863,0.383360819,14.69655177
2016 LP10,0.00011,1.02E-01,2.01E+01,15.59,0.004,1.55551E-05,0.024962653,0.397486775,15.79957364
2010 GH7,0.00011,1.02E-01,2.01E+01,5.05,0.012,4.40683E-05,0.035321746,0.433521401,18.79408049
2012 AP10,0.00011,1.02E-01,2.01E+01,3.57,0.018,7.43283E-05,0.042045351,0.452824061,20.50496306
2012 BU1,0.00011,1.02E-01,2.01E+01,8.97,0.01,8.04609E-05,0.043171284,0.45582563,20.77770046
2001 GP2,0.00012,1.05E-01,2.02E+01,2.58,0.014,1.82652E-05,0.026335476,0.40284251,16.22820878
2016 CK137,0.00012,1.05E-01,2.02E+01,9.86,0.011,0.000129399,0.050579822,0.474235787,22.48995816
2006 DM63,0.00012,1.05E-01,2.02E+01,10.37,0.015,0.000362937,0.0713308,0.516796155,26.70782662
2015 WN1,0.00012,1.05E-01,2.02E+01,8.88,0.017,0.000387412,0.072899447,0.519614256,26.99989753
2008 CC71,0.00012,1.05E-01,2.02E+01,8.1,0.036,0.0030611,0.145197514,0.617290787,38.10479153
29075 (1950 DA),0.00012,1.05E-01,2.02E+01,14.1,1.3,436.78557,7.58733793,1.659672343,275.4512285
2015 TC25,0.00013,1.07E-01,2.03E+01,3.52,0.004,7.92986E-07,0.009255966,0.310174036,9.620793287
2012 XB112,0.00013,1.07E-01,2.03E+01,4.15,0.004,1.10224E-06,0.010329803,0.318803451,10.16356404
2016 DA31,0.00013,1.07E-01,2.03E+01,13.6,0.004,1.18374E-05,0.022790434,0.388542159,15.09650094
2010 VQ,0.00013,1.07E-01,2.03E+01,4.58,0.01,2.09764E-05,0.027578903,0.407515607,16.60689702
2014 WA201,0.00013,1.07E-01,2.03E+01,11.57,0.015,0.000451794,0.076732644,0.526314144,27.70065782
2016 CG18,0.00014,1.09E-01,2.04E+01,4.25,0.007,6.19544E-06,0.018366398,0.368134058,13.55226848
2007 HB15,0.00015,1.11E-01,2.05E+01,6.35,0.01,4.03225E-05,0.034291184,0.430324052,18.51787899
2013 GM3,0.00015,1.11E-01,2.05E+01,7.14,0.019,0.000349669,0.07045077,0.515194758,26.54256387
2000 SB45,0.00015,1.11E-01,2.05E+01,7.53,0.046,0.005519039,0.17672086,0.64836857,42.03818024
2016 SA2,0.00016,1.12E-01,2.06E+01,5.19,0.008,1.37913E-05,0.023981052,0.393520224,15.48581664
2016 DK1,0.00016,1.12E-01,2.06E+01,6.87,0.012,8.15562E-05,0.043366303,0.456339541,20.82457765
1994 GV,0.00016,1.12E-01,2.06E+01,8.09,0.011,8.71114E-05,0.044329384,0.458852313,21.05454448
2012 DJ54,0.0002,1.19E-01,2.09E+01,5.43,0.007,1.01133E-05,0.021625422,0.383478613,14.70558469
2016 RR1,0.0002,1.19E-01,2.09E+01,6.75,0.009,3.32151E-05,0.032144871,0.423426391,17.92899085
2014 OM207,0.00022,1.22E-01,2.11E+01,8.2,0.005,0.000008405,0.02033196,0.37761115,14.25901808
2015 KG158,0.00022,1.22E-01,2.11E+01,7.69,0.007,2.02837E-05,0.027271913,0.406376794,16.51420989
2012 MF7,0.00022,1.22E-01,2.11E+01,8.7,0.015,0.000255454,0.063450848,0.501890941,25.18945167
2011 DU9,0.00022,1.22E-01,2.11E+01,8.77,0.016,0.000315035,0.068043458,0.510736145,26.08514103
2008 EZ84,0.00022,1.22E-01,2.11E+01,7.91,0.02,0.000500545,0.079398869,0.530827703,28.17780498
2010 UY7,0.00023,1.23E-01,2.11E+01,3.87,0.007,5.13708E-06,0.017254618,0.362431835,13.13568348
2008 HJ,0.00023,1.23E-01,2.11E+01,7.53,0.024,0.000783833,0.092202188,0.551042767,30.36481314
2009 JF1,0.00024,1.24E-01,2.12E+01,23.92,0.013,0.00125705,0.10792386,0.57316461,32.85176705
2007 UN12,0.00029,1.30E-01,2.15E+01,1.57,0.006,5.32418E-07,0.008104963,0.30004594,9.002756614
2011 EB74,0.00032,1.34E-01,2.16E+01,7.55,0.014,0.000156415,0.053879804,0.481788579,23.21202351
2015 XR169,0.00036,1.38E-01,2.18E+01,9.54,0.006,1.96585E-05,0.026988795,0.405317985,16.42826691
101955 Bennu (1999 RQ36),0.00037,1.39E-01,2.18E+01,5.99,0.49,4.221257885,1.616146136,1.127509363,127.1277364
2017 BL30,0.00038,1.40E-01,2.19E+01,7.16,0.073,0.01994319,0.271184507,0.721632724,52.07537877
2016 NL39,0.00044,1.45E-01,2.21E+01,3.93,0.01,1.54449E-05,0.024903575,0.39725139,15.78086665
2013 VW13,0.00044,1.45E-01,2.21E+01,16.35,0.019,0.001833565,0.122395497,0.591481764,34.98506777
2011 BL45,0.0005,1.50E-01,2.23E+01,1.68,0.013,6.20081E-06,0.018371708,0.368160664,13.55422748
2016 EO28,0.00051,1.50E-01,2.23E+01,6.98,0.005,6.09005E-06,0.018261661,0.367608099,13.51357148
2009 BE,0.00065,1.60E-01,2.26E+01,11.46,0.02,0.001050653,0.101660695,0.564661618,31.88427432
2016 NK22,0.0007,1.63E-01,2.27E+01,6.88,0.005,5.9168E-06,0.018086823,0.366725048,13.44872609
2000 LG6,0.00099,1.77E-01,2.32E+01,2.11,0.005,5.56513E-07,0.008225424,0.301154653,9.069412474
2011 AM37,0.001,1.78E-01,2.33E+01,3.65,0.004,8.5264E-07,0.009482479,0.312054518,9.737802241
2014 JR24,0.0012,1.86E-01,2.35E+01,3.72,0.005,1.7298E-06,0.012004165,0.331003809,10.95635214
2016 VB1,0.0012,1.86E-01,2.35E+01,5.45,0.006,6.41574E-06,0.018581563,0.369207541,13.63142084
410777 (2009 FD),0.0016,2.00E-01,2.39E+01,15.87,0.16,1.031605862,1.010426204,1.002596421,100.5199584
2015 YJ,0.0018,2.06E-01,2.41E+01,16.35,0.007,9.16916E-05,0.045093078,0.460815915,21.23513073
2016 RD34,0.0019,2.09E-01,2.42E+01,1.14,0.011,1.72977E-06,0.01200409,0.331003292,10.95631794
2012 HG2,0.002,2.11E-01,2.43E+01,3.32,0.014,3.02455E-05,0.031156841,0.42013451,17.65130066
2000 SG344,0.0022,2.17E-01,2.44E+01,1.36,0.037,9.36878E-05,0.045417964,0.461643703,21.31149083
2006 JY26,0.0097,3.14E-01,2.65E+01,2.98,0.007,3.04598E-06,0.014495801,0.346984883,12.03985088
2010 RF12,0.065,5.05E-01,2.93E+01,5.1,0.007,8.92143E-06,0.020740131,0.379492216,14.40143423
Peru Meteor ,1.00E+00,1.00E+00,3.32E+01,6.7,0.003,1.21203E-06,0.010661978,0.321336047,10.32568554
Sikhote-Alin meteor,1.00E+00,1.00E+00,3.32E+01,14,0.0025,3.0625E-06,0.014521964,0.347141345,12.05071132
TC3,1.00E+00,1.00E+00,3.32E+01,12.8,0.0041,1.1292E-05,0.022434884,0.387017817,14.97827908
Tunguska event,1.00E+00,1.00E+00,3.32E+01,15,0.012,0.0003888,0.072986424,0.519769177,27.01599969
Chelyabinsk,1.00E+00,1.00E+00,3.32E+01,20,0.02,0.0032,0.14736126,0.619577776,38.38766207
Meteor Crater,1.00E+00,1.00E+00,3.32E+01,12.8,0.05,0.02048,0.273596151,0.723231771,52.30641944
