Object Name,Period Start,Period End,Possible Impacts,Cumulative Impact Probability,Prob scaled,Asteroid Velocity,Asteroid Magnitude,Asteroid Diameter (km),Cumulative Palermo Scale,Maximum Palermo Scale,Maximum Torino Scale,Energy,Energy sc,Energy log,Energy log pos,Vis radius,Vis radius scaled
2014 HN197,2041,2041,1,1.10E-10,1.38E-01,8.92,21,0.21,-7.85,-7.85,0,0.73686443,73686443.04,1820.575583,126.3592294,42.66820342,426.6820342
2014 HD199,2098,2098,1,1.20E-10,2.63E-01,17.01,24.5,0.042,-9.76,-9.76,0,0.021436629,2143662.933,1465.079583,106.9577781,38.27635801,382.7635801
2014 OQ392,2109,2109,1,1.20E-10,2.63E-01,11.89,22.8,0.093,-9.12,-9.12,0,0.113713638,11371363.82,1632.770714,116.1096428,40.40755763,404.0755763
2005 GV190,2099,2099,1,1.20E-10,2.63E-01,9.25,18,0.87,-6.84,-6.84,0,56.34316294,5634316294,2256.421618,150.1458421,47.50180647,475.0180647
2009 SD15,2105,2105,1,1.30E-10,3.79E-01,13.88,26.9,0.014,-10.98,-11,0,0.000528644,52864.36736,1092.977205,86.65002163,33.06020576,330.6020576
2013 UO5,2095,2095,1,1.30E-10,3.79E-01,10.26,23.4,0.07,-9.38,-9.38,0,0.036106787,3610678.68,1517.477814,109.8174494,38.9548176,389.548176
2017 AR20,2023,2023,1,1.30E-10,3.79E-01,18.52,21.3,0.19,-7.02,-7.02,0,2.352571154,235257115.4,1937.241069,132.7263328,44.0141008,440.141008
2010 XU,2065,2065,1,1.50E-10,5.85E-01,6.22,25.4,0.029,-10.17,-10.2,0,0.000943571,94357.13876,1151.202144,89.82768978,33.92936993,339.2936993
2012 CR,2025,2025,1,1.50E-10,5.85E-01,14.21,21,0.21,-7.12,-7.12,0,1.87001909,187001909,1914.17046,131.4672375,43.75123381,437.5123381
2017 AY20,2021,2021,1,1.50E-10,5.85E-01,19.78,20.1,0.33,-6.22,-6.22,0,14.06029375,1406029375,2116.918104,142.5323369,46.00997831,460.0997831
2007 WW3,2037,2037,1,1.60E-10,6.78E-01,10.28,23.8,0.06,-8.95,-8.95,0,0.022826534,2282653.44,1471.393196,107.3023481,38.35874341,383.5874341
2014 HC196,2112,2112,1,2.00E-10,1.00E+00,10.36,25.2,0.031,-10.12,-10.1,0,0.003197456,319745.6114,1273.85523,96.52157066,35.69110855,356.9110855
2014 MG68,2098,2098,1,2.00E-10,1.00E+00,14.37,22.6,0.1,-8.7,-8.7,0,0.2064969,20649690,1692.728726,119.3818947,41.14278461,411.4278461
2014 HO197,2091,2091,1,2.20E-10,1.14E+00,14.63,26,0.021,-10.24,-10.2,0,0.001982196,198219.5731,1225.801517,93.89900451,35.01144836,350.1144836
2014 GC49,2038,2038,1,2.30E-10,1.20E+00,17.06,28.6,0.007,-10.84,-10.8,0,9.98E-05,9982.79548,925.4585173,77.50756806,30.4213497,304.213497
2017 CH1,2044,2044,1,2.30E-10,1.20E+00,18.19,17.9,0.9,-5.76,-5.76,0,241.2086769,24120867690,2402.567667,158.1218684,49.01599399,490.1599399
2009 XQ2,2084,2114,2,2.60E-10,1.38E+00,26.18,24.1,0.051,-8.98,-9.21,0,0.090917987,9091798.725,1610.286488,114.88255,40.1283751,401.283751
2016 YC13,2098,2110,2,3.20E-10,1.68E+00,13,26.7,0.015,-10.52,-10.8,0,0.000570375,57037.5,1100.613074,87.06675468,33.17548905,331.7548905
2010 VQ139,2074,2078,2,3.40E-10,1.77E+00,8.03,26.4,0.018,-10.32,-10.5,0,0.000376053,37605.26088,1058.748638,84.78197281,32.53841788,325.3841788
2014 OO6,2103,2103,1,4.00E-10,2.00E+00,17.82,23.3,0.075,-8.63,-8.63,0,0.133967419,13396741.88,1649.243863,117.0086769,40.61088355,406.1088355
2012 UL171,2100,2100,1,4.20E-10,2.07E+00,3.79,27,0.013,-10.8,-10.8,0,3.16E-05,3155.79277,809.7213185,71.19112671,28.45560258,284.5560258
2014 HM198,2099,2104,2,4.40E-10,2.14E+00,9.54,27.4,0.011,-10.82,-11,0,0.000121136,12113.64396,944.9020173,78.56871114,30.73925857,307.3925857
2012 VZ19,2101,2101,2,4.50E-10,2.17E+00,7.92,25.6,0.025,-10,-10.2,0,0.0009801,98010,1155.019362,90.03601722,33.98557579,339.8557579
2014 HM199,2025,2104,2,4.90E-10,2.29E+00,10.54,23.7,0.063,-8.15,-8.18,0,0.027778121,2777812.131,1491.123701,108.3791547,38.61507091,386.1507091
2015 XQ129,2085,2085,1,5.30E-10,2.41E+00,15.3,24.4,0.044,-9.04,-9.04,0,0.019940723,1994072.256,1457.809763,106.5610224,38.18127503,381.8127503
2010 LV108,2073,2073,1,6.00E-10,2.58E+00,9.06,22.3,0.12,-8.09,-8.09,0,0.141840461,14184046.08,1654.982997,117.3218943,40.68148224,406.8148224
2001 UO,2020,2020,1,6.20E-10,2.63E+00,16.28,24.1,0.051,-7.65,-7.65,0,0.035157609,3515760.88,1514.800538,109.6713351,38.92043856,389.2043856
2014 MR67,2035,2076,2,6.90E-10,2.79E+00,9.72,23.7,0.062,-8.3,-8.35,0,0.022516848,2251684.812,1470.020396,107.2274265,38.34084501,383.4084501
2014 NJ65,2022,2041,4,7.30E-10,2.87E+00,8.57,19.3,0.461,-5.82,-5.95,0,7.195557036,719555703.6,2049.594612,138.8581086,45.2724487,452.724487
2011 SR52,2034,2115,4,7.60E-10,2.93E+00,13.55,15.6,2.579,-4.35,-4.59,0,3149.434763,3.15E+11,2660.799813,172.2140903,51.58294111,515.8294111
2009 WZ53,2084,2094,3,8.30E-10,3.05E+00,18.97,24.1,0.052,-8.58,-8.74,0,0.050599321,5059932.143,1551.391995,111.6683404,39.38771375,393.8771375
2007 WT3,2101,2101,1,8.60E-10,3.10E+00,19.92,24.1,0.051,-8.64,-8.64,0,0.052636766,5263676.577,1555.359368,111.8848627,39.43804468,394.3804468
2013 VJ13,2099,2099,1,8.90E-10,3.15E+00,16.09,23.8,0.06,-8.55,-8.54,0,0.05591983,5591982.96,1561.439991,112.216717,39.5150603,395.150603
2017 BD6,2090,2090,1,1.00E-09,3.32E+00,9.28,28.6,0.007,-10.95,-11,0,2.95E-05,2953.86112,803.075653,70.82843471,28.33858947,283.3858947
2013 XT23,2055,2069,2,1.00E-09,3.32E+00,8.42,24.7,0.039,-8.88,-8.94,0,0.004205504,420550.3552,1301.395872,98.02462117,36.07486483,360.7486483
2005 WN3,2024,2024,1,1.10E-09,3.46E+00,18.17,29.9,0.004,-10.34,-10.3,0,2.11E-05,2112.95296,769.4057482,68.9908753,27.73816411,277.3816411
2011 KF36,2022,2106,8,1.20E-09,3.58E+00,22.32,20.4,0.28,-5.9,-6.46,0,10.93610004,1093610004,2091.664116,141.1540823,45.73471456,457.3471456
2001 YN2,2020,2020,1,1.40E-09,3.81E+00,18.49,24.9,0.035,-7.65,-7.65,0,0.014658109,1465810.929,1426.879105,104.8729594,37.77405333,377.7405333
2012 CQ46,2078,2103,4,1.50E-09,3.91E+00,13.01,27.2,0.012,-10.04,-10.4,0,0.000292481,29248.14528,1033.490403,83.40348636,32.14794555,321.4794555
2016 RQ41,2039,2089,3,1.50E-09,3.91E+00,13.11,20,0.33,-6.44,-6.63,0,6.176567658,617656765.8,2034.248284,138.0205717,45.10264166,451.0264166
2016 BE,2105,2105,1,1.70E-09,4.09E+00,9.1,23.6,0.066,-8.41,-8.41,0,0.023807544,2380754.376,1475.622085,107.5331428,38.41382674,384.1382674
2014 MV67,2018,2074,6,1.80E-09,4.17E+00,12.89,19,0.541,-4.79,-5.01,0,26.30859346,2630859346,2179.88494,145.9687975,46.68923795,466.8923795
2012 WQ3,2040,2040,1,1.90E-09,4.25E+00,23.77,25.4,0.028,-8.3,-8.3,0,0.012403163,1240316.318,1410.091504,103.9567639,37.55118512,375.5118512
2006 WK130,2103,2103,1,2.00E-09,4.32E+00,20.74,22.4,0.11,-7.41,-7.41,0,0.572526456,57252645.56,1795.215121,124.9751639,42.36997901,423.6997901
2016 FX13,2097,2097,1,2.20E-09,4.46E+00,13.98,26.7,0.016,-9.6,-9.6,0,0.000800524,80052.38784,1134.679511,88.92595514,33.68500425,336.8500425
2015 MN11,2081,2081,1,2.20E-09,4.46E+00,21.06,24.5,0.042,-8.27,-8.27,0,0.032859776,3285977.648,1508.007623,109.3006069,38.83307383,388.3307383
2012 BG96,2063,2098,9,2.40E-09,4.58E+00,8.68,18.9,0.57,-5.9,-6.69,0,13.95288508,1395288508,2116.147428,142.4902767,46.00160245,460.0160245
2010 CA,2022,2022,1,2.50E-09,4.64E+00,14.7,24.4,0.044,-7.32,-7.32,0,0.018407411,1840741.056,1449.768757,106.1221787,38.07582904,380.7582904
2014 HH196,2083,2109,2,3.00E-09,4.91E+00,11.21,28.2,0.008,-10.21,-10.2,0,6.43E-05,6434.00192,881.3126051,75.09827297,29.68690966,296.8690966
2010 UZ7,2111,2111,1,3.10E-09,4.95E+00,15.96,24.7,0.039,-8.52,-8.52,0,0.015109831,1510983.059,1429.92944,105.0394336,37.81440784,378.1440784
2012 BN123,2074,2110,4,3.20E-09,5.00E+00,10.13,23.2,0.078,-7.82,-8.13,0,0.048697055,4869705.513,1547.540906,111.4581644,39.33879645,393.3879645
2009 WQ52,2037,2037,1,3.30E-09,5.04E+00,14.76,28.2,0.008,-9.57,-9.57,0,0.000111543,11154.30912,936.6101799,78.11617811,30.60408763,306.0408763
2014 HK197,2057,2115,16,3.30E-09,5.04E+00,18.05,26.7,0.015,-9.28,-10.2,0,0.001099583,109958.3438,1166.579991,90.66694693,34.15523373,341.5523373
2007 RC20,2065,2106,2,3.70E-09,5.21E+00,5.12,26.7,0.016,-9.66,-9.7,0,0.000107374,10737.41824,932.782044,77.90725483,30.54148071,305.4148071
2008 WJ14,2031,2087,7,4.00E-09,5.32E+00,10.58,26.6,0.017,-8.94,-9.4,0,0.000549944,54994.35332,1096.947021,86.86667723,33.12019054,331.2019054
2015 HZ182,2039,2115,8,4.10E-09,5.36E+00,14.48,27,0.013,-9.09,-9.28,0,0.000460646,46064.58688,1079.139972,85.89484459,32.85026593,328.5026593
2006 WP1,2017,2017,1,5.20E-09,5.70E+00,17.77,28.3,0.007,-8.31,-8.31,0,0.00010831,10831.01047,933.6542448,77.95485582,30.55575633,305.5575633
2013 JA17,2027,2111,7,5.50E-09,5.78E+00,9.72,19.1,0.51,-5.26,-5.37,0,12.53265424,1253265424,2105.358971,141.9014888,45.88419086,458.8419086
2017 AB21,2024,2110,25,5.60E-09,5.81E+00,10.69,20.7,0.243,-5.8,-6.42,0,1.639737131,163973713.1,1900.963593,130.7464632,43.6000412,436.000412
2016 JT38,2018,2088,32,6.00E-09,5.91E+00,13.43,21,0.212,-5.41,-5.89,0,1.718539854,171853985.4,1905.68093,131.0039153,43.65410553,436.5410553
2001 CA21,2020,2077,6,6.50E-09,6.02E+00,30.68,18.5,0.679,-3.98,-4.25,0,294.659219,29465921899,2422.683285,159.2196929,49.22076072,492.2076072
2012 HB25,2062,2062,1,6.70E-09,6.07E+00,8.95,24.9,0.035,-8.2,-8.2,0,0.003434395,343439.4688,1281.039429,96.91365355,35.79161116,357.9161116
2010 LF64,2025,2105,6,6.70E-09,6.07E+00,5.12,23,0.086,-7.08,-7.23,0,0.016673826,1667382.641,1439.828071,105.5796585,37.94506649,379.4506649
2015 KW157,2042,2096,6,6.80E-09,6.09E+00,9.36,26,0.021,-8.69,-8.97,0,0.000811353,81135.25056,1136.029843,88.99965051,33.70504181,337.0504181
2009 MU,2096,2096,1,6.80E-09,6.09E+00,13.27,24.5,0.042,-8.11,-8.11,0,0.013046371,1304637.078,1415.172587,104.2340677,37.61877972,376.1877972
2011 SE191,2098,2098,1,7.20E-09,6.17E+00,14.57,25.1,0.033,-8.32,-8.32,0,0.007628882,762888.2451,1361.247885,101.2910881,36.89509297,368.9509297
2014 JU79,2026,2101,12,7.40E-09,6.21E+00,6.25,23,0.083,-7.12,-7.69,0,0.02233543,2233542.969,1469.207394,107.1830563,38.33024124,383.3024124
2014 HE197,2028,2098,28,7.50E-09,6.23E+00,16.56,25.5,0.026,-8.15,-9.13,0,0.00481993,481992.9754,1315.100474,98.7725597,36.26431405,362.6431405
2008 YC3,2090,2092,2,8.30E-09,6.38E+00,6.24,25.4,0.029,-8.6,-8.66,0,0.000949649,94964.91264,1151.847404,89.86290532,33.93887747,339.3887747
2012 UU68,2101,2101,1,8.30E-09,6.38E+00,6.89,23.1,0.082,-7.55,-7.55,0,0.026174597,2617459.683,1485.148086,108.0530311,38.5376191,385.376191
2005 GQ33,2041,2099,14,8.50E-09,6.41E+00,20.8,23.7,0.063,-7.18,-7.96,0,0.108180334,10818033.41,1627.757438,115.8360397,40.34547606,403.4547606
2011 BA60,2029,2106,14,8.70E-09,6.44E+00,14.69,22,0.137,-6.17,-6.43,0,0.554887949,55488794.91,1792.070226,124.803529,42.33285044,423.3285044
2011 CW46,2021,2113,14,9.00E-09,6.49E+00,16.62,24.7,0.039,-7.51,-7.9,0,0.016385355,1638535.518,1438.074134,105.4839362,37.92194792,379.2194792
2016 GU2,2113,2113,1,9.20E-09,6.52E+00,39.17,24.1,0.052,-7.23,-7.23,0,0.215733294,21573329.37,1697.126317,119.6218965,41.196193,411.96193
2001 SB170,2095,2095,1,1.00E-08,6.64E+00,22.48,22.4,0.11,-6.66,-6.66,0,0.672621382,67262138.24,1811.407914,125.8588973,42.56063808,425.6063808
2016 TB57,2112,2112,1,1.10E-08,6.78E+00,2.22,26.1,0.02,-9.01,-9.01,0,3.94E-05,3942.72,832.0955596,72.4122171,28.84606662,288.4606662
2009 DM40,2112,2112,2,1.10E-08,6.78E+00,8.88,26.6,0.016,-9.09,-9.34,0,0.000322988,32298.76224,1043.461202,83.94764991,32.30265007,323.0265007
2014 HN199,2038,2110,14,1.10E-08,6.78E+00,18.04,26.4,0.017,-8.34,-8.73,0,0.001598895,159889.4581,1204.20498,92.72035792,34.70165674,347.0165674
2013 BR15,2107,2110,2,1.30E-08,7.02E+00,14.11,25.1,0.032,-8.13,-8.18,0,0.00652385,652384.9933,1345.522108,100.4328424,36.68135914,366.8135914
2014 MB6,2075,2075,1,1.40E-08,7.13E+00,13.07,26.2,0.019,-8.49,-8.49,0,0.001171688,117168.7989,1172.963098,91.01530957,34.24854884,342.4854884
2001 VM5,2042,2042,1,1.40E-08,7.13E+00,9.18,24.9,0.036,-7.59,-7.59,0,0.003931813,393181.3094,1294.632945,97.65552948,35.98100811,359.8100811
2016 PA79,2029,2116,13,1.40E-08,7.13E+00,10.42,24.2,0.05,-7.5,-8.11,0,0.01357205,1357205,1419.14256,104.4507318,37.67150859,376.7150859
2010 DG1,2050,2050,1,1.40E-08,7.13E+00,17.96,24.4,0.044,-7.23,-7.23,0,0.027477087,2747708.733,1490.028639,108.3193908,38.60088909,386.0088909
2001 UD5,2107,2107,1,1.50E-08,7.23E+00,16.73,22.4,0.11,-6.66,-6.66,0,0.37253745,37253744.99,1752.028479,122.6182217,41.85723927,418.5723927
2008 KN11,2046,2046,1,1.60E-08,7.32E+00,13.83,23.3,0.075,-6.7,-6.7,0,0.080691567,8069156.719,1598.294547,114.2280811,39.97867615,399.7867615
2002 XV90,2101,2114,4,1.70E-08,7.41E+00,7.61,25.2,0.031,-8.28,-8.54,0,0.001725259,172525.9371,1211.849439,93.13755979,34.81162793,348.1162793
2010 RK53,2029,2029,1,1.80E-08,7.49E+00,8.23,27.8,0.009,-8.65,-8.65,0,4.94E-05,4937.72841,854.7113452,73.64648996,29.23544672,292.3544672
2009 WJ6,2049,2056,2,1.80E-08,7.49E+00,18.16,27.6,0.01,-8.67,-8.7,0,0.000329786,32978.56,1045.554473,84.06189172,32.33503476,323.3503476
2015 KH160,2097,2107,2,1.80E-08,7.49E+00,29.2,26.4,0.018,-8.24,-8.25,0,0.004972596,497259.648,1318.234317,98.94359148,36.30749671,363.0749671
2016 JP38,2020,2087,28,1.80E-08,7.49E+00,10.02,24.4,0.044,-6.74,-7.08,0,0.008552508,855250.7674,1372.733249,101.9179101,37.05041496,370.5041496
2010 AU118,2020,2112,38,1.80E-08,7.49E+00,25.22,16.2,1.9,-2.73,-3.16,0,4362.655976,4.36E+11,2693.469039,174.0013614,51.89864198,518.9864198
2017 AF21,2032,2108,12,1.90E-08,7.57E+00,8.2,25.1,0.033,-7.73,-8.36,0,0.002416404,241640.388,1245.707915,94.9854106,35.29458762,352.9458762
2002 CB19,2049,2049,1,1.90E-08,7.57E+00,15.73,24.8,0.038,-7.31,-7.31,0,0.013577138,1357713.809,1419.180229,104.4527876,37.67200856,376.7200856
2006 CD,2021,2113,56,1.90E-08,7.57E+00,11.19,21,0.214,-5.4,-6.34,0,1.227160854,122716085.4,1871.835648,129.1567846,43.26471597,432.6471597
2002 AN129,2080,2080,1,2.00E-08,7.64E+00,11.35,26.1,0.021,-8.34,-8.34,0,0.001193025,119302.5173,1174.776787,91.11429298,34.27501695,342.7501695
2003 XK,2106,2110,2,2.00E-08,7.64E+00,18.04,25.4,0.029,-7.95,-7.95,0,0.007937195,793719.5182,1365.229521,101.5083887,36.94901245,369.4901245
2016 PR66,2021,2113,26,2.00E-08,7.64E+00,9.88,23.3,0.073,-6.45,-6.67,0,0.037973661,3797366.104,1522.544172,110.0939496,39.01979206,390.1979206
2007 VH189,2042,2045,3,2.00E-08,7.64E+00,18.31,23.4,0.073,-6.45,-6.64,0,0.130420322,13042032.23,1646.547054,116.8614966,40.57766693,405.7766693
2012 SG58,2060,2060,1,2.00E-08,7.64E+00,15.89,23.1,0.083,-6.59,-6.59,0,0.1443717,14437170.04,1656.760658,117.4189114,40.7033249,407.033249
2015 BS516,2022,2103,30,2.00E-08,7.64E+00,13.04,19.9,0.36,-4.81,-5.22,0,7.93346089,793346089,2059.405905,139.393567,45.38067766,453.8067766
2008 UY91,2018,2107,36,2.10E-08,7.71E+00,16.2,24.6,0.041,-6.95,-7.74,0,0.018087627,1808762.724,1448.007489,106.0260562,38.05269358,380.5269358
2005 NX55,2018,2107,72,2.20E-08,7.78E+00,25.14,21.9,0.142,-5.17,-5.85,0,1.809654136,180965413.6,1910.872791,131.2872649,43.71353098,437.1353098
2012 FN,2115,2115,1,2.30E-08,7.85E+00,3.27,29.2,0.005,-10.18,-10.2,0,1.34E-06,133.66125,491.9744566,53.84986186,22.18049721,221.8049721
2011 SE58,2052,2055,2,2.30E-08,7.85E+00,15.68,27.6,0.01,-8.68,-8.8,0,0.000245862,24586.24,1016.04081,82.45116219,31.87539505,318.7539505
2015 ME131,2017,2096,85,2.30E-08,7.85E+00,19.46,19.2,0.497,-3.85,-4.3,0,46.48949601,4648949601,2237.10221,149.0914714,47.29801486,472.9801486
2014 HE199,2039,2039,1,2.40E-08,7.91E+00,14.5,25,0.033,-7.24,-7.24,0,0.007555754,755575.425,1360.279883,101.2382586,36.88197233,368.8197233
2005 CC37,2100,2100,1,2.40E-08,7.91E+00,8.45,22.7,0.099,-6.85,-6.85,0,0.069281774,6928177.435,1582.973227,113.391909,39.78659607,397.8659607
2006 CM10,2092,2092,1,2.40E-08,7.91E+00,22.34,21.7,0.15,-5.94,-5.94,0,1.68438015,168438015,1903.66317,130.8937946,43.63098865,436.3098865
2012 QV17,2083,2083,1,2.50E-08,7.97E+00,10.87,25,0.033,-7.77,-7.77,0,0.004246205,424620.4515,1302.363829,98.07744812,36.08827828,360.8827828
2013 NH6,2060,2060,1,2.60E-08,8.02E+00,21.71,23.4,0.073,-6.46,-6.46,0,0.183353087,18335308.74,1680.782222,118.7299056,40.99734408,409.9734408
2007 EH26,2101,2103,2,2.70E-08,8.08E+00,20.19,24.2,0.049,-7.2,-7.2,0,0.04795798,4795797.953,1546.003936,111.3742832,39.31925656,393.1925656
2015 EG7,2093,2110,3,3.20E-08,8.32E+00,12.8,27.4,0.011,-8.8,-8.85,0,0.000218071,21807.104,1003.985819,81.79325233,31.68573525,316.8573525
2016 LE10,2072,2072,2,3.30E-08,8.37E+00,12.63,27.1,0.013,-8.51,-8.76,0,0.000350459,35045.86293,1051.664815,84.39536803,32.42938196,324.2938196
2011 UA64,2113,2113,1,3.30E-08,8.37E+00,14.41,27.1,0.013,-8.7,-8.7,0,0.000456203,45620.28757,1078.165938,85.84168602,32.83543723,328.3543723
2015 KA158,2024,2113,41,3.30E-08,8.37E+00,14,26.6,0.016,-7.89,-8.55,0,0.000802816,80281.6,1134.966857,88.94163725,33.68926916,336.8926916
2015 EG,2115,2115,1,3.40E-08,8.41E+00,9.56,25.7,0.025,-8.15,-8.15,0,0.001428025,142802.5,1192.846551,92.1004634,34.53761067,345.3761067
2014 QF33,2076,2076,1,3.40E-08,8.41E+00,23.29,23.7,0.06,-6.63,-6.63,0,0.117163606,11716360.56,1635.774428,116.2735727,40.44470828,404.4470828
2007 VF189,2077,2077,1,3.50E-08,8.45E+00,11.47,28.4,0.007,-9.17,-9.17,0,4.51E-05,4512.53887,845.6618519,73.15260732,29.08026568,290.8026568
2014 DK10,2060,2060,1,3.60E-08,8.49E+00,11.83,27.8,0.01,-8.71,-8.71,0,0.000139949,13994.89,959.4100621,79.36049818,30.97434523,309.7434523
2008 BN16,2067,2083,3,4.00E-08,8.64E+00,18.98,25.9,0.023,-7.7,-7.87,0,0.004383045,438304.4947,1305.551477,98.25141629,36.13241587,361.3241587
2016 RP41,2019,2115,62,4.10E-08,8.68E+00,8.46,22.5,0.11,-5.65,-6.15,0,0.0952618,9526179.96,1614.976888,115.1385319,40.18677503,401.8677503
2015 HO182,2020,2115,49,4.80E-08,8.91E+00,9.63,27,0.013,-8.06,-8.71,0,0.000203743,20374.29693,997.1557305,81.42049534,31.57777273,315.7777273
2012 VV76,2074,2094,2,4.80E-08,8.91E+00,14.69,25.6,0.026,-7.69,-7.76,0,0.003792832,379283.2254,1291.016218,97.45814399,35.93071413,359.3071413
2014 OX3,2108,2108,1,4.90E-08,8.94E+00,12.82,27.8,0.009,-8.88,-8.88,0,0.000119813,11981.28996,943.7979179,78.50845411,30.72129421,307.2129421
2012 XL55,2066,2066,1,4.90E-08,8.94E+00,19.09,27,0.013,-8.08,-8.08,0,0.000800649,80064.85357,1134.69516,88.92680917,33.68523652,336.8523652
2004 GE2,2106,2109,2,4.90E-08,8.94E+00,20.57,21.4,0.18,-5.57,-5.65,0,2.467664417,246766441.7,1942.04124,132.9883055,44.06859698,440.6859698
2016 UR36,2107,2107,2,5.10E-08,8.99E+00,17.96,27.5,0.011,-8.59,-8.74,0,0.000429329,42932.94896,1072.064337,85.50868673,32.74239358,327.4239358
2011 DX4,2023,2108,22,5.10E-08,8.99E+00,17.65,26.5,0.017,-7.75,-8.15,0,0.00153051,153051.0043,1199.812015,92.48060863,34.63830271,346.3830271
2009 FQ32,2070,2104,5,5.20E-08,9.02E+00,4.75,26.8,0.015,-8.49,-8.93,0,7.61E-05,7614.84375,898.2469908,76.02247931,29.97076894,299.7076894
2001 SD286,2080,2080,1,5.20E-08,9.02E+00,12.56,25.2,0.03,-7.49,-7.49,0,0.004259347,425934.72,1302.67441,98.09439828,36.09258109,360.9258109
2016 NJ56,2035,2079,10,5.50E-08,9.10E+00,4.94,25.1,0.033,-7.16,-7.3,0,0.000876992,87699.21732,1143.848222,89.42634417,33.82082527,338.2082527
2015 DA54,2107,2107,1,5.50E-08,9.10E+00,23.13,20.8,0.23,-5.2,-5.2,0,6.509307282,650930728.2,2039.521508,138.3083617,45.16106186,451.6106186
2015 HW182,2017,2115,174,5.70E-08,9.15E+00,10.76,25.2,0.031,-6.69,-7.17,0,0.00344913,344913.0482,1281.469714,96.93713664,35.79762162,357.9762162
2007 EE126,2062,2092,4,5.70E-08,9.15E+00,30.8,25.6,0.025,-7.13,-7.44,0,0.0148225,1482250,1427.99993,104.9341292,37.78888633,377.8888633
2014 QJ365,2109,2109,1,5.80E-08,9.18E+00,12.19,27.4,0.011,-8.68,-8.68,0,0.000197781,19778.14091,994.1712249,81.25761378,31.53048089,315.3048089
2015 HS182,2018,2113,122,5.90E-08,9.20E+00,7.56,25.8,0.024,-7.31,-8.3,0,0.000790091,79009.13664,1133.361186,88.85400661,33.66543013,336.6543013
2007 SN6,2022,2059,2,6.00E-08,9.23E+00,18.34,25,0.033,-6.88,-7,0,0.012087611,1208761.12,1407.501593,103.8154176,37.51668419,375.1668419
2016 JG38,2021,2115,119,6.20E-08,9.28E+00,17.18,24.2,0.05,-6.42,-7.39,0,0.03689405,3689405,1519.645525,109.9357539,38.98263107,389.8263107
2010 DJ77,2019,2113,53,6.20E-08,9.28E+00,17.04,21.1,0.2,-4.45,-5.24,0,2.3228928,232289280,1935.965179,132.6567001,43.9996043,439.996043
2008 OO8,2109,2109,1,6.30E-08,9.30E+00,8.31,25.2,0.031,-7.69,-7.69,0,0.00205725,205725.0275,1229.536577,94.10284814,35.06474835,350.6474835
2010 CA55,2021,2087,6,6.30E-08,9.30E+00,24.03,22,0.14,-4.64,-4.73,0,1.58449783,158449783,1897.519646,130.5585073,43.56052853,435.6052853
2005 UA1,2036,2036,1,6.40E-08,9.32E+00,14.68,26.4,0.018,-7.38,-7.38,0,0.00125681,125680.9997,1180.011238,91.39996692,34.35129165,343.5129165
2016 AB166,2106,2106,1,6.40E-08,9.32E+00,21.63,24.4,0.044,-6.9,-6.9,0,0.039853922,3985392.217,1527.4011,110.3590199,39.08197922,390.8197922
2008 EF32,2083,2083,1,6.50E-08,9.34E+00,13.11,29.4,0.005,-9.39,-9.39,0,2.15E-05,2148.40125,771.0778016,69.08212882,27.7682877,277.682877
2004 OD4,2100,2100,1,6.80E-08,9.41E+00,8.45,26.9,0.014,-8.43,-8.43,0,0.000195928,19592.846,993.2252429,81.20598613,31.51547624,315.1547624
2010 GV23,2096,2105,2,6.90E-08,9.43E+00,5.42,27.6,0.01,-8.84,-9.02,0,2.94E-05,2937.64,802.5222412,70.79823186,28.32882351,283.2882351
2009 SH1,2073,2113,24,7.00E-08,9.45E+00,5.57,29.9,0.004,-9.91,-10.4,0,1.99E-06,198.55936,531.7499665,56.02063909,23.05970439,230.5970439
2015 PL57,2112,2112,1,7.00E-08,9.45E+00,3.82,25.8,0.024,-8.03,-8.03,0,0.000201725,20172.53376,996.1555439,81.36590943,31.56193188,315.6193188
2015 KH158,2043,2115,21,7.00E-08,9.45E+00,14.5,26,0.021,-7.61,-8.03,0,0.001947125,194712.525,1224.007493,93.80109436,34.98581845,349.8581845
2009 JE1,2022,2114,10,7.30E-08,9.51E+00,6.03,27.2,0.012,-8.23,-8.62,0,6.28E-05,6283.16352,878.9284504,74.968156,29.64672748,296.4672748
2010 CR5,2062,2075,3,7.60E-08,9.57E+00,23.6,19.8,0.372,-4.25,-4.28,0,28.67165918,2867165918,2188.529227,146.4405658,46.78171894,467.8171894
2015 JC1,2102,2102,1,7.70E-08,9.59E+00,15.25,27.1,0.013,-8.26,-8.26,0,0.00051094,51093.98125,1089.55392,86.46319336,33.00839166,330.0839166
2014 WZ365,2047,2114,7,7.80E-08,9.61E+00,11,25.7,0.025,-7.45,-7.78,0,0.001890625,189062.5,1221.048135,93.63958525,34.94349918,349.4349918
2014 HR197,2017,2112,187,7.90E-08,9.63E+00,17.02,26.9,0.014,-7.18,-7.97,0,0.000794883,79488.30176,1133.968841,88.88716979,33.67445383,336.7445383
2007 EZ25,2087,2087,1,7.90E-08,9.63E+00,20.73,25.6,0.026,-7.27,-7.27,0,0.007552985,755298.545,1360.243049,101.2362484,36.88147297,368.8147297
2016 WQ1,2084,2084,1,8.10E-08,9.66E+00,7.67,27.9,0.009,-8.74,-8.74,0,4.29E-05,4288.62681,840.5471128,72.87346673,28.99219055,289.9219055
2016 AQ164,2035,2035,1,8.20E-08,9.68E+00,13.9,29.9,0.004,-8.94,-8.94,0,1.24E-05,1236.544,715.561701,66.05229747,26.74998507,267.4998507
2010 JA43,2018,2113,96,8.40E-08,9.71E+00,15.13,21.6,0.159,-4.95,-5.53,0,0.920172456,92017245.57,1842.902195,127.5777204,42.92903673,429.2903673
2012 HE31,2094,2094,1,8.80E-08,9.78E+00,10.6,25.7,0.024,-7.64,-7.64,0,0.001553265,155326.464,1201.295171,92.56155295,34.65970529,346.5970529
2011 EC,2051,2051,1,8.90E-08,9.80E+00,6.83,25.6,0.026,-7.34,-7.34,0,0.000819901,81990.10664,1137.083182,89.05713722,33.72066402,337.2066402
2010 XP,2021,2114,63,9.00E-08,9.81E+00,8.96,26.7,0.016,-7.63,-8.03,0,0.000328833,32883.34336,1045.263889,84.0460329,32.33054112,323.3054112
2009 WQ25,2094,2094,1,9.20E-08,9.85E+00,16.94,23.9,0.055,-6.57,-6.57,0,0.047743569,4774356.895,1545.553617,111.3497067,39.31352969,393.1352969
2005 VP,2053,2094,12,9.30E-08,9.86E+00,12.86,25.5,0.027,-7.15,-7.56,0,0.003255167,325516.6667,1275.652954,96.61968275,35.71628415,357.1628415
2012 EZ1,2107,2107,2,9.40E-08,9.88E+00,13.54,28.8,0.006,-9.07,-9.3,0,3.96E-05,3959.96256,832.5341109,72.43615135,28.8536672,288.536672
2015 CL13,2090,2106,4,9.40E-08,9.88E+00,13.69,25.7,0.025,-7.49,-7.73,0,0.002928377,292837.6563,1265.020616,96.0394152,35.5671283,355.671283
2014 KS76,2089,2107,2,9.60E-08,9.91E+00,7.18,26.6,0.016,-8.13,-8.25,0,0.000211159,21115.86304,1000.748617,81.61657971,31.63461106,316.3461106
2008 GF1,2080,2080,1,9.70E-08,9.92E+00,14.61,28.3,0.007,-8.61,-8.61,0,7.32E-05,7321.40703,894.2976809,75.80694287,29.90481033,299.0481033
2015 HM182,2021,2112,81,1.00E-07,9.97E+00,7.25,29,0.005,-8.88,-9.47,0,6.57E-06,657.03125,652.0116444,62.58400716,25.53451868,255.3451868
2009 EJ1,2067,2086,3,1.00E-07,9.97E+00,10.63,28.2,0.008,-8.64,-8.78,0,5.79E-05,5785.44128,870.6343583,74.51549992,29.50651383,295.0651383
2010 UE,2032,2044,2,1.10E-07,1.01E+01,16.09,29.6,0.004,-8.66,-8.86,0,1.66E-05,1656.88384,744.9695916,67.65725437,27.29413108,272.9413108
2008 JD33,2018,2106,133,1.10E-07,1.01E+01,5.07,27.9,0.01,-7.87,-8.77,0,2.57E-05,2570.49,789.1045973,70.06595424,28.09100563,280.9100563
2013 UJ5,2061,2061,1,1.10E-07,1.01E+01,10.81,28,0.009,-8.37,-8.37,0,8.52E-05,8518.80969,909.520702,76.63775026,30.15826092,301.5826092
2014 HT197,2070,2090,3,1.10E-07,1.01E+01,17.18,28.5,0.007,-8.53,-8.81,0,0.000101237,10123.72732,926.86739,77.5844583,30.44449688,304.4449688
2012 XK134,2065,2065,1,1.10E-07,1.01E+01,4.95,26.4,0.018,-7.84,-7.84,0,0.000142899,14289.858,961.5062529,79.4748993,31.00816429,310.0816429
2003 DW10,2046,2058,2,1.10E-07,1.01E+01,7.83,26.1,0.02,-7.45,-7.61,0,0.000490471,49047.12,1085.444987,86.2389454,32.94609214,329.4609214
2012 RU16,2077,2089,2,1.10E-07,1.01E+01,8.66,25.6,0.026,-7.48,-7.64,0,0.001318123,131812.2666,1184.798188,91.6612182,34.42089755,344.2089755
2017 BE30,2100,2100,1,1.10E-07,1.01E+01,16.69,26.3,0.018,-7.69,-7.69,0,0.001624539,162453.9175,1205.804092,92.80763058,34.72468994,347.2468994
2011 BT59,2052,2091,3,1.10E-07,1.01E+01,37.84,20.8,0.24,-4.21,-4.22,0,19.79411005,1979411005,2151.291799,144.4083062,46.38202022,463.8202022
2012 CS46,2023,2115,81,1.20E-07,1.02E+01,6.26,27.8,0.009,-8.18,-8.86,0,2.86E-05,2856.77604,799.7170272,70.64513527,28.2792685,282.792685
2014 UY57,2071,2111,2,1.20E-07,1.02E+01,9.03,27.2,0.012,-8.2,-8.32,0,0.000140903,14090.26752,960.0926574,79.39775131,30.98536199,309.8536199
2004 XG29,2112,2112,1,1.20E-07,1.02E+01,5.09,25.4,0.029,-7.57,-7.57,0,0.000631873,63187.26509,1110.903569,87.62836591,33.33022006,333.3022006
2014 HN198,2019,2115,170,1.20E-07,1.02E+01,9.65,25.7,0.024,-7.01,-7.77,0,0.001287325,128732.544,1182.422213,91.53154764,34.38636668,343.8636668
2008 XC1,2085,2088,2,1.20E-07,1.02E+01,11.66,23.7,0.063,-6.42,-6.47,0,0.03399529,3399528.991,1511.421848,109.4869407,38.87700925,388.7700925
2007 TC14,2082,2082,1,1.20E-07,1.02E+01,25.55,22.1,0.13,-5.3,-5.3,0,1.434207093,143420709.3,1887.504362,130.011916,43.4454182,434.454182
2011 BH40,2023,2115,63,1.30E-07,1.03E+01,5.31,25.1,0.032,-6.8,-7.47,0,0.00092393,92392.98048,1149.088051,89.71231163,33.89820129,338.9820129
2007 CS5,2108,2109,2,1.30E-07,1.03E+01,5,24.5,0.042,-7.11,-7.37,0,0.0018522,185220,1218.984551,93.52696368,34.91395926,349.1395926
2002 GM5,2064,2113,2,1.30E-07,1.03E+01,20.38,21.4,0.179,-4.91,-4.92,0,2.382140936,238214093.6,1938.496384,132.7948425,44.02835886,440.2835886
2017 BK30,2085,2085,2,1.40E-07,1.05E+01,9.95,27.2,0.012,-8.11,-8.26,0,0.000171076,17107.632,979.5935535,80.46202682,31.29845928,312.9845928
2013 RR43,2050,2057,2,1.40E-07,1.05E+01,18.99,25.4,0.028,-6.7,-6.79,0,0.007916332,791633.2435,1364.965013,101.493953,36.94543292,369.4543292
2008 VB4,2019,2103,22,1.50E-07,1.06E+01,11.84,28.3,0.007,-7.72,-8.03,0,4.81E-05,4808.36608,852.0432876,73.50087879,29.18978053,291.8978053
2005 TK50,2054,2106,2,1.50E-07,1.06E+01,20.62,28.9,0.006,-8.66,-8.68,0,9.18E-05,9183.98304,917.0766688,77.05012261,30.28327375,302.8327375
2015 FA345,2024,2102,23,1.50E-07,1.06E+01,9.5,24.1,0.052,-6.19,-6.44,0,0.012689872,1268987.2,1412.388178,104.0821065,37.58175325,375.8175325
2008 EF85,2084,2110,3,1.60E-07,1.06E+01,9.53,26.7,0.016,-7.96,-8,0,0.000372002,37200.24064,1057.66036,84.72257924,32.5216906,325.216906
2015 HQ182,2020,2114,216,1.60E-07,1.06E+01,6.9,24.9,0.035,-6.65,-7.29,0,0.002041279,204127.875,1228.753304,94.06010046,35.05357762,350.5357762
2004 ME6,2019,2113,51,1.60E-07,1.06E+01,11.77,22.6,0.1,-5.41,-6.06,0,0.1385329,13853290,1652.611712,117.1924797,40.65232727,406.5232727
2008 UV99,2019,2111,32,1.60E-07,1.06E+01,15.6,19.6,0.399,-3.44,-3.55,0,15.45851899,1545851899,2126.445974,143.0523273,46.11340341,461.1340341
2009 XR1,2032,2110,13,1.70E-07,1.07E+01,6.01,29.3,0.005,-8.85,-9.27,0,4.52E-06,451.50125,614.3090347,60.52635996,24.78525842,247.8525842
2011 BP40,2031,2111,21,1.70E-07,1.07E+01,3.39,25.4,0.028,-7.03,-7.57,0,0.000252275,25227.45792,1018.628268,82.59237459,31.91595632,319.1595632
2011 AD3,2025,2115,65,1.80E-07,1.08E+01,12.5,26.5,0.017,-7.57,-8.63,0,0.000767656,76765.625,1130.466152,88.69600801,33.6224055,336.224055
2008 YD3,2020,2104,45,1.90E-07,1.09E+01,8.46,26,0.021,-7.07,-7.55,0,0.000662825,66282.45876,1115.709692,87.89066352,33.40224082,334.0224082
2010 XQ,2021,2112,60,1.90E-07,1.09E+01,9.82,25.2,0.031,-6.71,-7.31,0,0.002872818,287281.7628,1263.095564,95.93435415,35.54005577,355.4005577
2010 KJ37,2024,2114,47,1.90E-07,1.09E+01,6.61,23.9,0.055,-5.89,-6.07,0,0.007269273,726927.3138,1356.395277,101.0262534,36.82927201,368.2927201
2010 VR139,2017,2076,24,2.00E-07,1.10E+01,4.99,26.7,0.016,-6.83,-6.95,0,0.000101991,10199.08096,927.6126623,77.62513208,30.45673427,304.5673427
2011 QF48,2067,2067,2,2.00E-07,1.10E+01,19.93,25.3,0.03,-6.6,-6.87,0,0.010724532,1072453.23,1395.477148,103.1591748,37.35608582,373.5608582
2008 XU2,2039,2039,1,2.10E-07,1.10E+01,9.93,25.6,0.026,-6.69,-6.69,0,0.00173308,173307.9722,1212.303958,93.16236549,34.81815558,348.1815558
2003 UQ25,2093,2093,2,2.20E-07,1.11E+01,18.01,24.2,0.049,-6.27,-6.28,0,0.038160641,3816064.14,1523.037811,110.1208903,39.02611703,390.2611703
2016 JB29,2090,2090,1,2.30E-07,1.12E+01,8.56,24.7,0.039,-6.78,-6.78,0,0.004346517,434651.6678,1304.710408,98.20551433,36.12077529,361.2077529
2010 XB,2027,2029,2,2.50E-07,1.13E+01,19.67,29.6,0.004,-8,-8.25,0,2.48E-05,2476.21696,785.3494894,69.86101651,28.02408766,280.2408766
2008 GY21,2038,2105,31,2.50E-07,1.13E+01,11.1,27.6,0.01,-7.9,-8.32,0,0.00012321,12321,946.6077602,78.66180329,30.76699141,307.6699141
2015 HE1,2098,2110,2,2.50E-07,1.13E+01,14.6,27,0.013,-7.71,-7.89,0,0.000468313,46831.252,1080.798839,85.9853785,32.87550516,328.7550516
2015 YV20,2020,2115,130,2.60E-07,1.13E+01,5.94,22.4,0.113,-5.21,-5.81,0,0.050910601,5091060.059,1552.008356,111.7019788,39.39553726,393.9553726
2016 EL1,2097,2109,3,2.70E-07,1.14E+01,19.79,27.8,0.009,-7.96,-8.29,0,0.000285509,28550.85489,1031.06543,83.27114171,32.11020756,321.1020756
2009 BR5,2059,2078,3,2.70E-07,1.14E+01,18,22.1,0.13,-5.08,-5.15,0,0.711828,71182800,1817.101566,126.1696324,42.62747431,426.2747431
2014 KW76,2115,2115,1,2.80E-07,1.15E+01,15,28,0.008,-8.22,-8.22,0,0.0001152,11520,939.8521589,78.29311146,30.65700832,306.5700832
2007 UT3,2065,2115,5,2.80E-07,1.15E+01,9.05,25.7,0.024,-7.08,-7.4,0,0.00113222,113222.016,1169.519495,90.82737246,34.19823818,341.9823818
2010 XB73,2017,2110,55,2.80E-07,1.15E+01,5.98,22.5,0.11,-5.03,-5.51,0,0.047597092,4759709.24,1545.244813,111.3328535,39.30960205,393.0960205
2008 KT,2091,2107,4,2.90E-07,1.15E+01,3,28.2,0.008,-8.55,-8.8,0,0.000004608,460.8,616.3578076,60.63817322,24.82655448,248.2655448
2011 UR63,2110,2110,2,2.90E-07,1.15E+01,12.57,25.7,0.024,-7.14,-7.26,0,0.00218426,218425.9738,1235.557151,94.43142533,35.1504929,351.504929
2014 JV79,2021,2114,164,2.90E-07,1.15E+01,11.17,25.2,0.031,-6.29,-7.12,0,0.00371699,371699.03,1288.986259,97.34735756,35.90245478,359.0245478
2011 AZ36,2026,2114,144,3.00E-07,1.16E+01,7.4,25.1,0.032,-6.78,-8.11,0,0.001794376,179437.568,1215.797022,93.35300196,34.86828103,348.6828103
1997 TC25,2096,2096,1,3.00E-07,1.16E+01,9.89,24.7,0.039,-6.66,-6.66,0,0.005802116,580211.596,1333.739383,99.78979167,36.52039681,365.2039681
2016 AF2,2072,2093,3,3.10E-07,1.16E+01,5.87,27.8,0.009,-8.09,-8.1,0,2.51E-05,2511.90801,786.787698,69.93950778,28.04973615,280.4973615
2005 UC3,2101,2109,2,3.10E-07,1.16E+01,7.81,27.1,0.013,-7.9,-8.03,0,0.000134008,13400.84317,955.0509473,79.12259633,30.90389858,309.0389858
2006 XZ2,2059,2102,4,3.10E-07,1.16E+01,9.06,27.1,0.013,-7.68,-7.81,0,0.000180338,18033.76692,984.8919965,80.75119318,31.38298897,313.8298897
2015 GB1,2052,2090,4,3.10E-07,1.16E+01,7.29,26.6,0.016,-7.42,-7.81,0,0.000217678,21767.82336,1003.804629,81.78336375,31.68287595,316.8287595
2011 WN69,2038,2109,3,3.10E-07,1.16E+01,23.03,26.2,0.019,-7.04,-7.27,0,0.003637883,363788.2593,1286.824274,97.22936562,35.87233298,358.7233298
2016 AU193,2109,2109,1,3.10E-07,1.16E+01,21.77,25.3,0.03,-6.63,-6.63,0,0.012796188,1279618.83,1413.226656,104.1278671,37.592907,375.92907
2016 DY30,2036,2105,6,3.20E-07,1.16E+01,15.64,30.5,0.003,-9.13,-9.23,0,6.60E-06,660.44592,652.5325981,62.61243858,25.54471762,255.4471762
2011 VG9,2086,2114,6,3.20E-07,1.16E+01,24.79,22.2,0.121,-5.04,-5.44,0,1.08870236,108870236,1859.804212,128.5001603,43.12544739,431.2544739
2014 HS197,2055,2100,9,3.40E-07,1.17E+01,16.97,29.4,0.004,-8.38,-8.49,0,1.84E-05,1843.07776,755.6725761,68.24137749,27.48949938,274.8949938
2016 FW3,2102,2102,2,3.50E-07,1.18E+01,8.79,25.5,0.027,-7.02,-7.28,0,0.001520789,152078.928,1199.171676,92.44566171,34.62905826,346.2905826
2010 LJ68,2020,2115,39,3.50E-07,1.18E+01,9.69,22.9,0.089,-5.37,-6.07,0,0.06619384,6619383.972,1578.39102,113.1418317,39.72896954,397.2896954
2016 GS134,2054,2070,2,3.60E-07,1.18E+01,11.02,27.9,0.009,-7.84,-8.01,0,8.85E-05,8853.00516,913.3879446,76.84880782,30.22230872,302.2230872
2000 SZ162,2070,2096,2,3.80E-07,1.19E+01,4.17,27.1,0.013,-7.7,-7.75,0,3.82E-05,3820.34133,828.9267134,72.23927503,28.79108739,287.9108739
2007 VD8,2023,2112,53,3.80E-07,1.19E+01,12.62,27.7,0.01,-7.61,-8.39,0,0.000159264,15926.44,972.4034349,80.0696209,31.18338396,311.8338396
2016 TM,2093,2100,2,3.90E-07,1.19E+01,4.33,27.5,0.011,-8.04,-8.07,0,2.50E-05,2495.47859,786.1282127,69.90351589,28.03797804,280.3797804
2004 XB45,2035,2035,1,3.90E-07,1.19E+01,17.02,26.3,0.019,-6.48,-6.48,0,0.001986918,198691.7864,1226.040648,93.9120553,35.01486325,350.1486325
2012 TU231,2111,2111,1,4.00E-07,1.20E+01,9.97,26.2,0.02,-7.31,-7.31,0,0.000795207,79520.72,1134.00982,88.88940624,33.67506228,336.7506228
2015 VK1,2103,2109,2,4.00E-07,1.20E+01,14.73,26.5,0.017,-7.27,-7.5,0,0.001065988,106598.7858,1163.461554,90.49675597,34.10955224,341.0955224
2005 UL6,2029,2072,5,4.20E-07,1.20E+01,12.02,24.5,0.042,-6.15,-6.51,0,0.010704264,1070426.388,1395.287034,103.1487992,37.35354111,373.5354111
2008 DA4,2091,2100,2,4.20E-07,1.20E+01,11.13,23.9,0.056,-6.09,-6.28,0,0.021754766,2175476.567,1466.56011,107.0385789,38.2956931,382.956931
2008 JL24,2091,2109,2,4.30E-07,1.21E+01,2.7,29.6,0.004,-8.99,-9.05,0,4.67E-07,46.656,386.198368,48.07705531,19.65193039,196.5193039
2004 RU109,2038,2053,5,4.30E-07,1.21E+01,12.93,26.5,0.017,-6.81,-7.14,0,0.000821379,82137.94137,1137.264227,89.06701788,33.72334839,337.2334839
2012 UE,2040,2058,6,4.40E-07,1.21E+01,13.23,28.4,0.007,-7.78,-8.04,0,6.00E-05,6003.62847,874.3547766,74.71854444,29.56949064,295.6949064
1997 UA11,2073,2073,1,4.40E-07,1.21E+01,11.96,25.1,0.032,-6.48,-6.48,0,0.004687187,468718.7149,1312.293863,98.61938688,36.22559679,362.2559679
2016 JA,2064,2103,10,4.50E-07,1.21E+01,7.6,27.5,0.011,-7.8,-8.37,0,7.69E-05,7687.856,899.2060015,76.07481802,29.98676377,299.8676377
2016 TT,2084,2095,3,4.50E-07,1.21E+01,11.59,26,0.021,-6.98,-6.99,0,0.001244013,124401.2534,1178.98266,91.34383153,34.33631692,343.3631692
2008 UM1,2021,2079,5,5.00E-07,1.23E+01,19.03,31.6,0.002,-8.39,-8.41,0,2.90E-06,289.71272,569.7187254,58.09281157,23.8687814,238.687814
2005 BS1,2024,2041,3,5.10E-07,1.23E+01,12.36,27.3,0.012,-6.85,-7.05,0,0.000263986,26398.58688,1023.188667,82.84126167,31.98732041,319.8732041
2004 BN41,2086,2098,2,5.20E-07,1.23E+01,7.58,25.8,0.024,-6.98,-7.07,0,0.000794277,79427.72736,1133.892226,88.88298847,33.67331623,336.7331623
2008 FF5,2060,2060,1,5.20E-07,1.23E+01,39.47,23.1,0.081,-4.68,-4.68,0,0.827921783,82792178.34,1832.285219,126.9982913,42.80520085,428.0520085
2012 TP20,2069,2107,4,5.30E-07,1.24E+01,7.31,27.8,0.009,-7.85,-8.07,0,3.90E-05,3895.49169,830.8844508,72.34611996,28.82506636,288.2506636
2008 YC29,2050,2114,28,5.40E-07,1.24E+01,10.79,25.4,0.028,-6.78,-7.04,0,0.002555742,255574.1843,1251.342109,95.29290082,35.37431426,353.7431426
2005 WG57,2029,2105,6,5.50E-07,1.24E+01,9.88,23.6,0.063,-5.76,-6.18,0,0.024408188,2440818.788,1478.126137,107.6698032,38.44640604,384.4640604
2012 YR1,2077,2077,1,5.60E-07,1.25E+01,7.84,26.5,0.017,-7.2,-7.2,0,0.00030198,30198.04928,1036.702474,83.57878744,32.19786442,321.9786442
1998 DK36,2027,2100,17,5.60E-07,1.25E+01,6.19,25,0.034,-6.45,-6.48,0,0.001505976,150597.5994,1198.187963,92.39197484,34.61485177,346.1485177
2008 EV84,2041,2106,4,5.60E-07,1.25E+01,12.94,25.3,0.029,-6.1,-6.1,0,0.004083782,408378.196,1298.444159,97.86352926,36.03393066,360.3393066
2016 JL38,2024,2115,110,5.70E-07,1.25E+01,2.88,26.2,0.02,-6.71,-7.42,0,6.64E-05,6635.52,884.4120307,75.26742636,29.73906573,297.3906573
2010 WW8,2017,2114,92,5.70E-07,1.25E+01,4.45,26.9,0.015,-7.02,-7.73,0,6.68E-05,6683.34375,885.1337541,75.30681493,29.75119752,297.5119752
2013 WM,2047,2105,2,5.70E-07,1.25E+01,35.41,23.9,0.055,-5.18,-5.37,0,0.208612305,20861230.51,1693.753026,119.4377967,41.15523085,411.5523085
2012 BP123,2017,2115,228,5.90E-07,1.25E+01,4.6,27.1,0.013,-7.24,-8.11,0,4.65E-05,4648.852,848.6527444,73.31583744,29.13164507,291.3164507
2015 MC131,2021,2114,30,5.90E-07,1.25E+01,4.53,25.1,0.033,-6.27,-6.5,0,0.00073746,73745.95833,1126.433044,88.47589823,33.56237542,335.6237542
2008 VS4,2017,2114,300,5.90E-07,1.25E+01,8.31,24.1,0.051,-5.44,-6.6,0,0.009160361,916036.0721,1379.633625,102.2945031,37.14341967,371.4341967
2008 XK,2017,2113,171,6.10E-07,1.26E+01,9.03,27.2,0.012,-6.85,-7.5,0,0.000140903,14090.26752,960.0926574,79.39775131,30.98536199,309.8536199
2016 FE15,2068,2116,3,6.20E-07,1.26E+01,12.21,28.8,0.006,-8.11,-8.24,0,3.22E-05,3220.21656,811.7522935,71.30196864,28.49126697,284.9126697
2015 FC345,2109,2109,1,6.20E-07,1.26E+01,6.76,27.8,0.009,-7.96,-7.96,0,3.33E-05,3331.35504,815.1622834,71.48807131,28.55104698,285.5104698
2011 FQ16,2082,2114,4,6.40E-07,1.26E+01,7.99,27.7,0.01,-7.87,-8.02,0,6.38E-05,6384.01,880.5286814,75.05548976,29.67370353,296.7370353
2014 HJ198,2022,2115,114,6.40E-07,1.26E+01,21.89,26.8,0.015,-6.8,-7.7,0,0.001617206,161720.5838,1205.349401,92.78281551,34.71814225,347.1814225
2007 XB23,2078,2114,9,6.60E-07,1.27E+01,4.58,27.1,0.013,-7.52,-7.8,0,4.61E-05,4608.51508,847.7769333,73.26803941,29.11660923,291.1660923
2014 ML67,2019,2113,33,7.00E-07,1.28E+01,21.18,24.2,0.05,-4.98,-5.21,0,0.05607405,5607405,1561.716774,112.2318227,39.5185624,395.185624
2015 VN64,2088,2096,3,7.10E-07,1.28E+01,15.86,27.5,0.01,-7.41,-7.58,0,0.00025154,25153.96,1018.335045,82.57637175,31.91136232,319.1136232
1993 UA,2111,2111,2,7.10E-07,1.28E+01,9.4,25.4,0.028,-6.72,-6.88,0,0.001939679,193967.872,1223.62241,93.78007818,34.9803146,349.803146
2015 HV182,2017,2113,509,7.10E-07,1.28E+01,7.78,21.7,0.153,-4.14,-5.45,0,0.216787125,21678712.53,1697.616049,119.6486239,41.20213646,412.0213646
2015 SK7,2059,2107,5,7.30E-07,1.28E+01,12.18,28.8,0.006,-8.08,-8.41,0,3.20E-05,3204.41184,811.2578324,71.27498306,28.48258823,284.8258823
2016 DK2,2069,2069,1,7.50E-07,1.29E+01,17.57,29.1,0.005,-7.93,-7.93,0,3.86E-05,3858.81125,829.9336545,72.29422957,28.80856912,288.0856912
2012 WR10,2081,2096,3,7.70E-07,1.29E+01,2.73,28.5,0.007,-8.21,-8.4,0,2.56E-06,255.63447,557.1421347,57.40643504,23.60385847,236.0385847
2008 PK9,2045,2066,12,7.80E-07,1.29E+01,26.44,23.2,0.078,-4.7,-5.1,0,0.331746775,33174677.5,1740.374031,121.9821717,41.71779034,417.1779034
2015 BY3,2033,2080,7,8.00E-07,1.30E+01,16.56,27.5,0.011,-7.01,-7.47,0,0.000365005,36500.49216,1055.751932,84.61842542,32.49233651,324.9233651
2008 SH148,2017,2113,163,8.10E-07,1.30E+01,9.47,26.1,0.02,-6.57,-7.46,0,0.000717447,71744.72,1123.668118,88.32500039,33.52115926,335.2115926
2016 XL23,2086,2086,1,8.20E-07,1.30E+01,9.91,29.3,0.005,-8.34,-8.34,0,1.23E-05,1227.60125,714.8322449,66.01248687,26.73634689,267.3634689
2006 HE2,2074,2111,4,8.30E-07,1.30E+01,5.02,26.5,0.017,-7.16,-7.4,0,0.00012381,12380.95652,947.0956238,78.6884288,30.77491875,307.7491875
2010 CK19,2089,2107,4,8.70E-07,1.31E+01,5.01,27.9,0.009,-7.83,-8.22,0,1.83E-05,1829.79729,754.9457983,68.20171307,27.47627701,274.7627701
2008 BC15,2072,2094,2,8.70E-07,1.31E+01,20.64,26.6,0.016,-6.73,-6.89,0,0.001744935,174493.5322,1212.989109,93.19975809,34.82799318,348.2799318
2014 OY391,2018,2112,128,8.80E-07,1.31E+01,14.81,26,0.022,-5.88,-6.43,0,0.002335491,233549.0793,1242.285076,94.79860671,35.24606469,352.4606469
2002 RB182,2053,2110,9,8.80E-07,1.31E+01,14.75,22.8,0.092,-5.19,-5.23,0,0.169413308,16941330.8,1672.835512,118.2962082,40.90031188,409.0031188
2011 CA7,2062,2092,7,9.00E-07,1.31E+01,8.91,30.3,0.003,-8.67,-8.88,0,2.14E-06,214.34787,539.4393749,56.44029412,23.22583421,232.2583421
2005 TM173,2017,2111,123,9.00E-07,1.31E+01,8.79,24.1,0.052,-5.41,-6.42,0,0.010863951,1086395.057,1396.775212,103.2300176,37.37345598,373.7345598
2011 AZ22,2034,2114,9,9.30E-07,1.32E+01,12.52,28.6,0.006,-7.58,-7.7,0,3.39E-05,3385.80864,816.7917395,71.57700005,28.57956857,285.7956857
2011 DV10,2093,2093,1,9.30E-07,1.32E+01,16.27,24.8,0.038,-5.97,-5.97,0,0.014525326,1452532.625,1425.964567,104.8230478,37.76194602,377.6194602
2008 CJ,2061,2106,2,9.50E-07,1.32E+01,8.06,27.3,0.012,-7.5,-7.5,0,0.000112257,11225.71008,937.2514449,78.15117561,30.61456263,306.1456263
2016 JO38,2018,2115,466,9.60E-07,1.32E+01,7.41,24.8,0.037,-5.61,-6.27,0,0.00278126,278125.9989,1259.840472,95.75670515,35.49423154,354.9423154
2012 CU,2040,2100,4,9.70E-07,1.32E+01,10.94,26,0.021,-6.64,-7.05,0,0.00110839,110838.982,1167.381667,90.71069893,34.16696748,341.6696748
1979 XB,2056,2113,5,9.90E-07,1.33E+01,23.63,18.6,0.657,-2.75,-3.07,0,158.3519996,15835199964,2360.273391,155.8136277,48.58264496,485.8264496
2016 TC57,2112,2112,1,1.00E-06,1.33E+01,8.74,27,0.013,-7.34,-7.34,0,0.000167824,16782.35572,977.6643111,80.35673702,31.26762401,312.6762401
2014 JT79,2017,2114,861,1.00E-06,1.33E+01,12.02,26.6,0.016,-6.23,-7.31,0,0.000591792,59179.17184,1104.317544,87.26892884,33.23127359,332.3127359
2007 EN88,2094,2104,3,1.00E-06,1.33E+01,12.16,26.4,0.017,-6.91,-7.06,0,0.000726464,72646.36928,1124.923267,88.39350107,33.53987578,335.3987578
2016 WN1,2112,2112,1,1.00E-06,1.33E+01,15.09,25.3,0.029,-6.32,-6.32,0,0.005553573,555357.2851,1329.33941,99.54965993,36.4601071,364.601071
2006 BO7,2060,2115,3,1.10E-06,1.34E+01,9.83,29.3,0.005,-8.07,-8.26,0,1.21E-05,1207.86125,713.2030701,65.92357348,26.70586209,267.0586209
2016 VZ17,2027,2116,141,1.10E-06,1.34E+01,9.71,27.3,0.012,-7.06,-7.89,0,0.000162923,16292.29248,974.6859239,80.19418938,31.21996034,312.1996034
2009 ST171,2066,2066,1,1.10E-06,1.34E+01,9.83,26.8,0.015,-6.92,-6.92,0,0.000326123,32612.25375,1044.431942,84.00062879,32.31767229,323.1767229
2015 UH52,2075,2101,3,1.10E-06,1.34E+01,11.19,26,0.022,-6.59,-6.85,0,0.001333301,133330.1033,1185.948838,91.72401574,34.4376079,344.376079
2007 XZ9,2056,2089,3,1.10E-06,1.34E+01,13.01,24.8,0.037,-5.89,-5.94,0,0.008573532,857353.1845,1372.979998,101.9313766,37.05374472,370.5374472
2009 CZ1,2058,2102,3,1.10E-06,1.34E+01,17.81,24.4,0.044,-5.48,-5.63,0,0.027020033,2702003.258,1488.342872,108.2273889,38.57904706,385.7904706
2007 FT3,2019,2114,138,1.10E-06,1.34E+01,17.05,20,0.34,-3.08,-3.67,0,11.42577106,1142577106,2096.066199,141.3943291,45.78281554,457.8281554
2006 UJ185,2078,2105,3,1.20E-06,1.36E+01,15.46,27.9,0.009,-7.47,-7.48,0,0.000174239,17423.94564,981.4347753,80.56251283,31.32785941,313.2785941
2015 FF36,2073,2073,1,1.20E-06,1.36E+01,8.54,26.5,0.017,-6.82,-6.82,0,0.000358313,35831.29508,1053.892289,84.51693403,32.46370725,324.6370725
2015 XP,2067,2067,1,1.20E-06,1.36E+01,8.23,25.8,0.024,-6.43,-6.43,0,0.00093634,93633.96096,1150.428925,89.7854908,33.91797348,339.1797348
2011 YQ1,2113,2113,1,1.20E-06,1.36E+01,11.65,25.6,0.026,-6.51,-6.51,0,0.002385459,238545.866,1244.412579,94.91471672,35.2762325,352.762325
1999 RZ31,2056,2056,2,1.20E-06,1.36E+01,8.2,23.8,0.059,-5.35,-5.42,0,0.013809684,1380968.396,1420.886979,104.5459348,37.69465452,376.9465452
1996 TC1,2054,2072,4,1.20E-06,1.36E+01,24.01,23.9,0.055,-5.08,-5.11,0,0.095911877,9591187.664,1615.660376,115.1758338,40.19527803,401.9527803
2016 PO66,2020,2115,377,1.20E-06,1.36E+01,25.47,21.9,0.138,-4.14,-5.32,0,1.704885233,170488523.3,1904.879227,130.9601618,43.64492212,436.4492212
2011 EM40,2054,2113,16,1.30E-06,1.37E+01,10.69,28,0.009,-7.44,-8.01,0,8.33E-05,8330.72769,907.2769762,76.5152973,30.12103876,301.2103876
2008 UA92,2078,2078,1,1.30E-06,1.37E+01,8.38,27.3,0.012,-7.21,-7.21,0,0.000121348,12134.77632,945.0771863,78.57827111,30.74210771,307.4210771
2012 SU9,2084,2115,5,1.30E-06,1.37E+01,10.88,27.2,0.012,-7.24,-7.33,0,0.000204551,20455.09632,997.553497,81.44220373,31.58407031,315.8407031
2014 CE,2112,2112,1,1.30E-06,1.37E+01,13.03,27,0.013,-7.1,-7.1,0,0.000373009,37300.86373,1057.931833,84.73739511,32.52586407,325.2586407
2013 PS13,2096,2105,2,1.30E-06,1.37E+01,17.26,27.3,0.012,-7.05,-7.1,0,0.000514784,51478.43328,1090.307286,86.50430886,33.01980142,330.1980142
2016 NL56,2019,2116,225,1.30E-06,1.37E+01,13.07,21.4,0.188,-3.04,-3.37,0,1.13507543,113507543,1863.996296,128.7289462,43.17402339,431.7402339
2014 WU200,2111,2111,2,1.40E-06,1.38E+01,1.73,28.9,0.005,-8.28,-8.44,0,3.74E-07,37.41125,364.0051286,46.86584321,19.07891843,190.7891843
2015 XH55,2092,2110,5,1.40E-06,1.38E+01,7.14,29.2,0.005,-8.22,-8.49,0,6.37E-06,637.245,648.9386426,62.41629586,25.47427413,254.7427413
2011 YC40,2028,2050,6,1.40E-06,1.38E+01,10.94,29.7,0.004,-7.69,-7.84,0,7.66E-06,765.97504,667.4300264,63.42547651,25.83466714,258.3466714
2014 WA,2049,2049,1,1.40E-06,1.38E+01,9.55,28.2,0.008,-7.28,-7.28,0,4.67E-05,4669.568,849.0995893,73.34022432,29.13931347,291.3931347
2010 FD,2085,2104,2,1.40E-06,1.38E+01,9.79,26,0.021,-6.57,-6.6,0,0.000887612,88761.22101,1145.057918,89.49236423,33.83870444,338.3870444
2009 FJ,2058,2111,5,1.40E-06,1.38E+01,8.94,24.9,0.036,-5.86,-5.93,0,0.003728915,372891.5482,1289.308174,97.36492627,35.90693768,359.0693768
2012 CL17,2095,2112,18,1.40E-06,1.38E+01,21.54,25.7,0.024,-6.15,-6.75,0,0.006413943,641394.3398,1343.814587,100.3396532,36.65807669,366.5807669
2008 KO,2049,2052,2,1.40E-06,1.38E+01,23.49,24.4,0.045,-5.09,-5.38,0,0.050280962,5028096.161,1550.757678,111.6337221,39.37966072,393.7966072
2012 ES10,2054,2064,7,1.40E-06,1.38E+01,24.36,23.7,0.061,-4.81,-5.13,0,0.134692704,13469270.44,1649.786487,117.038291,40.61756378,406.1756378
2014 KC45,2066,2102,4,1.50E-06,1.39E+01,8.92,29.4,0.004,-8.25,-8.28,0,5.09E-06,509.22496,626.400265,61.1862476,25.02798963,250.2798963
2016 FA14,2072,2077,2,1.50E-06,1.39E+01,15.24,27.4,0.011,-6.92,-6.93,0,0.000309135,30913.48656,1039.055684,83.70721558,32.23438666,322.3438666
2010 DG77,2023,2111,144,1.50E-06,1.39E+01,2.39,24.5,0.044,-5.54,-6.23,0,0.00048658,48657.95264,1084.64439,86.19525223,32.93393979,329.3393979
2006 UU17,2103,2111,5,1.50E-06,1.39E+01,9.8,26.4,0.018,-6.8,-7.12,0,0.000560105,56010.528,1098.787077,86.96709958,33.14795736,331.4795736
2015 YC1,2100,2108,4,1.50E-06,1.39E+01,8.16,26.1,0.021,-6.69,-6.98,0,0.000616649,61664.92416,1108.452646,87.49460498,33.29343247,332.9343247
2010 NH,2089,2092,2,1.50E-06,1.39E+01,10.29,25.7,0.025,-6.38,-6.43,0,0.001654439,165443.9063,1207.636978,92.90766168,34.75107161,347.5107161
2014 MO68,2017,2114,262,1.50E-06,1.39E+01,8.36,23.5,0.067,-5.06,-6.04,0,0.021020206,2102020.576,1463.108095,106.8501827,38.25059601,382.5059601
2006 YE,2082,2089,2,1.60E-06,1.40E+01,6.05,27.3,0.012,-7.24,-7.25,0,6.32E-05,6324.912,879.5940084,75.00447931,29.65795017,296.5795017
2003 UM3,2022,2112,82,1.60E-06,1.40E+01,13.82,28.1,0.008,-7.16,-7.94,0,9.78E-05,9778.81088,923.3836849,77.39433258,30.38722898,303.8722898
1993 HP1,2061,2112,9,1.60E-06,1.40E+01,9.85,26.9,0.014,-6.87,-7.08,0,0.00026623,26622.974,1024.039296,82.88768539,32.000614,320.00614
2010 VO139,2022,2114,192,1.60E-06,1.40E+01,20.58,26.6,0.016,-6.22,-7.37,0,0.001734805,173480.5094,1212.40396,93.16782319,34.81959162,348.1959162
2016 CY135,2103,2114,5,1.60E-06,1.40E+01,6.74,24.4,0.044,-5.93,-6.14,0,0.003869705,386970.4678,1293.032749,97.56819767,35.95876457,359.5876457
2014 OP2,2071,2079,3,1.70E-06,1.41E+01,11.63,29.1,0.005,-7.8,-7.92,0,1.69E-05,1690.71125,747.0007467,67.76810613,27.3313144,273.313144
2004 DA53,2111,2112,3,1.70E-06,1.41E+01,9.35,27.9,0.009,-7.52,-7.61,0,6.37E-05,6373.10025,880.3567896,75.04610864,29.67080703,296.7080703
2013 UR1,2050,2050,1,1.70E-06,1.41E+01,21.69,27.8,0.009,-6.67,-6.67,0,0.000342962,34296.24969,1049.491865,84.27677776,32.39586186,323.9586186
2006 SC,2043,2109,8,1.70E-06,1.41E+01,12.21,25.2,0.031,-5.97,-6.53,0,0.004441364,444136.4423,1306.87987,98.32391433,36.1507935,361.507935
2014 AG51,2049,2110,9,1.80E-06,1.41E+01,14.82,30,0.003,-8.06,-8.09,0,5.93E-06,593.00748,641.7080102,62.02167887,25.3319563,253.319563
2006 DO62,2036,2079,11,1.80E-06,1.41E+01,11.01,28.3,0.007,-7.32,-7.67,0,4.16E-05,4157.84943,837.4347927,72.70360961,28.93846563,289.3846563
2016 TQ54,2082,2113,9,1.80E-06,1.41E+01,9,27.2,0.012,-7.15,-7.64,0,0.000139968,13996.8,959.4237772,79.36124668,30.97456662,309.7456662
2009 EW,2075,2081,4,1.80E-06,1.41E+01,12.83,26.4,0.018,-6.48,-6.68,0,0.000959999,95999.91048,1152.936792,89.92235948,33.95492295,339.5492295
2006 SF281,2017,2111,514,1.90E-06,1.42E+01,4.49,26.2,0.02,-5.91,-7.58,0,0.000161281,16128.08,973.6678382,80.13862662,31.20365104,312.0365104
2012 UU158,2070,2078,2,1.90E-06,1.42E+01,12.28,26.9,0.014,-6.66,-6.68,0,0.000413791,41379.08096,1068.359525,85.30649391,32.68576945,326.8576945
2011 BF40,2083,2083,1,1.90E-06,1.42E+01,18.5,24.8,0.037,-5.58,-5.58,0,0.017335989,1733598.925,1443.741954,105.7932615,37.99660451,379.9660451
2012 BW13,2086,2111,10,2.00E-06,1.43E+01,11.69,27.2,0.012,-7.03,-7.41,0,0.000236142,23614.17408,1011.986692,82.2299058,31.81173828,318.1173828
2010 UR7,2079,2086,3,2.00E-06,1.43E+01,13.34,27.4,0.011,-6.94,-7.08,0,0.000236859,23685.89036,1012.291446,82.24653795,31.81652787,318.1652787
2012 TV,2070,2096,12,2.00E-06,1.43E+01,16.66,25.2,0.031,-5.72,-6.1,0,0.008268659,826865.888,1369.34118,101.7327855,37.00461026,370.0461026
2010 UC7,2112,2112,8,2.00E-06,1.43E+01,13.28,24.7,0.038,-5.82,-6.43,0,0.009677138,967713.8125,1385.149085,102.5955133,37.21759107,372.1759107
2010 VN1,2046,2060,4,2.10E-06,1.44E+01,10.99,28.3,0.007,-7.18,-7.33,0,4.14E-05,4142.75743,837.0693411,72.68366483,28.93215065,289.3215065
2014 QN266,2078,2109,3,2.10E-06,1.44E+01,2.85,26.2,0.019,-6.6,-6.66,0,5.57E-05,5571.22275,866.8425161,74.30855739,29.44218939,294.4218939
2016 EG28,2086,2108,3,2.10E-06,1.44E+01,14.67,27.8,0.009,-7.17,-7.28,0,0.000156887,15688.72881,970.8921207,79.98713983,31.15914185,311.5914185
2012 XM16,2081,2107,2,2.10E-06,1.44E+01,12.68,25.8,0.024,-6.16,-6.25,0,0.002222656,222265.5898,1237.308435,94.52700291,35.17539531,351.7539531
2009 HW67,2046,2079,5,2.10E-06,1.44E+01,22.63,26.1,0.02,-5.93,-6.23,0,0.004096935,409693.52,1298.767331,97.88116663,36.03841466,360.3841466
2016 SK2,2073,2081,4,2.10E-06,1.44E+01,13.64,25.3,0.029,-5.88,-5.91,0,0.004537564,453756.3694,1309.033428,98.44144626,36.18056699,361.8056699
2004 VZ14,2076,2114,4,2.10E-06,1.44E+01,15.26,25.3,0.03,-5.92,-6.39,0,0.006287425,628742.52,1341.812378,100.2303812,36.63075727,366.3075727
2010 QG2,2051,2064,5,2.10E-06,1.44E+01,12.88,24.2,0.048,-5.15,-5.2,0,0.018346593,1834659.348,1449.436164,106.1040272,38.07146128,380.7146128
2006 QN111,2079,2079,1,2.10E-06,1.44E+01,10.55,23.8,0.06,-5.24,-5.24,0,0.02404134,2404134,1476.604198,107.5867423,38.42660795,384.2660795
2007 FP3,2059,2111,11,2.20E-06,1.44E+01,9.65,28.4,0.007,-7.54,-7.86,0,3.19E-05,3194.10175,810.9339583,71.2573074,28.47690219,284.7690219
2014 SR223,2063,2063,1,2.20E-06,1.44E+01,15.23,26.8,0.015,-6.39,-6.39,0,0.000782841,78284.10375,1132.434691,88.80344246,33.65166699,336.5166699
2011 BG10,2051,2074,4,2.20E-06,1.44E+01,12.29,26.3,0.019,-6.13,-6.39,0,0.001036011,103601.1482,1160.594945,90.34030871,34.06750571,340.6750571
2000 WJ107,2114,2114,10,2.20E-06,1.44E+01,12.78,23.1,0.081,-5.02,-5.63,0,0.086799408,8679940.822,1605.627542,114.6282846,40.07028253,400.7028253
2006 JE,2106,2112,4,2.20E-06,1.44E+01,26.36,23.8,0.058,-4.96,-5,0,0.135573495,13557349.52,1650.441538,117.0740409,40.62562662,406.2562662
2016 WF7,2102,2113,4,2.30E-06,1.45E+01,6.52,28.7,0.006,-7.88,-7.91,0,9.18E-06,918.22464,685.6497706,64.41983223,26.18491494,261.8491494
2016 AZ193,2018,2114,398,2.30E-06,1.45E+01,6.73,26.6,0.016,-6.27,-7.16,0,0.00018552,18551.97184,987.7391522,80.90657876,31.42831768,314.2831768
2010 FN,2082,2114,5,2.30E-06,1.45E+01,6.78,26.6,0.016,-6.71,-6.96,0,0.000188287,18828.65664,989.2269335,80.9877755,31.45197821,314.5197821
2013 TV132,2103,2111,4,2.30E-06,1.45E+01,9.16,26.5,0.017,-6.74,-7.07,0,0.000412228,41222.82128,1067.979292,85.28574242,32.67995244,326.7995244
2013 HT14,2043,2077,4,2.30E-06,1.45E+01,20.53,26.3,0.019,-6.05,-6.22,0,0.002890937,289093.7493,1263.727457,95.96884015,35.54894453,355.4894453
2008 CM74,2079,2100,6,2.40E-06,1.46E+01,4.07,28,0.008,-7.49,-7.95,0,8.48E-06,848.12288,677.6684746,63.98424723,26.03206628,260.3206628
2016 WU,2089,2110,3,2.40E-06,1.46E+01,7.05,27.3,0.012,-7.14,-7.15,0,8.59E-05,8588.592,910.3405931,76.68249641,30.171851,301.71851
2016 EV84,2056,2080,3,2.40E-06,1.46E+01,7.41,26.8,0.015,-6.69,-6.77,0,0.000185315,18531.48375,987.6281034,80.90051819,31.42655093,314.2655093
2012 VE77,2035,2035,1,2.40E-06,1.46E+01,15.28,26.4,0.018,-5.77,-5.77,0,0.001361646,136164.6029,1188.062982,91.8393967,34.46828952,344.6828952
2013 CY,2078,2106,5,2.50E-06,1.46E+01,2.42,28.2,0.008,-7.57,-7.92,0,3.00E-06,299.84768,573.1743694,58.28140585,23.94106032,239.4106032
2015 TL21,2061,2094,3,2.50E-06,1.46E+01,15.32,26.4,0.017,-6.21,-6.36,0,0.001153093,115309.2891,1171.355349,90.92756552,34.22506901,342.2506901
2011 XC2,2056,2056,1,2.50E-06,1.46E+01,20.75,23,0.085,-4.3,-4.3,0,0.264419195,26441919.53,1717.577176,120.7380169,41.44366268,414.4366268
2009 VT1,2046,2081,3,2.60E-06,1.47E+01,6.97,29.6,0.004,-7.76,-7.85,0,3.11E-06,310.91776,576.817849,58.48025138,24.01703248,240.1703248
2014 HB177,2085,2099,3,2.60E-06,1.47E+01,6.08,28.3,0.007,-7.49,-7.57,0,1.27E-05,1267.94752,718.0821273,66.18985156,26.79705445,267.9705445
2015 ET,2076,2114,9,2.60E-06,1.47E+01,11.63,26.7,0.016,-6.58,-7.22,0,0.000554012,55401.22624,1097.687822,86.90710698,33.13137218,331.3137218
2015 DD54,2114,2114,1,2.60E-06,1.47E+01,6.7,25.4,0.028,-6.25,-6.25,0,0.000985425,98542.528,1155.563937,90.06573777,33.9935867,339.935867
2006 BM8,2106,2115,10,2.60E-06,1.47E+01,14.81,25.4,0.028,-5.96,-6.43,0,0.004814866,481486.6067,1314.994837,98.76679447,36.26285753,362.6285753
2012 PB20,2066,2115,8,2.70E-06,1.47E+01,4.03,24.9,0.035,-6.02,-6.36,0,0.000696329,69632.85875,1120.665434,88.16112674,33.47634141,334.7634141
2010 TD,2072,2091,5,2.70E-06,1.47E+01,18.86,26.9,0.014,-6.34,-6.75,0,0.00097604,97603.97024,1154.602155,90.01324787,33.97943724,339.7943724
2015 VL64,2085,2109,7,2.80E-06,1.48E+01,8.68,28.3,0.007,-7.46,-8.02,0,2.58E-05,2584.24432,789.6409202,70.09522445,28.10055018,281.0055018
2010 TN55,2066,2111,21,2.80E-06,1.48E+01,25.37,27,0.014,-6.33,-6.88,0,0.00176614,176613.9654,1214.203007,93.26600746,34.84541587,348.4541587
2015 PS228,2080,2102,3,2.90E-06,1.48E+01,2.55,28.9,0.005,-7.81,-7.87,0,8.13E-07,81.28125,441.9868472,51.12175192,21.02348323,210.2348323
2011 YC63,2034,2039,2,2.90E-06,1.48E+01,18.84,29,0.005,-6.83,-6.83,0,4.44E-05,4436.82,843.9612015,73.05979309,29.05101034,290.5101034
2009 FZ4,2017,2114,434,2.90E-06,1.48E+01,10.11,25.2,0.031,-5.21,-6.03,0,0.003045001,304500.0671,1268.945402,96.25361328,35.62225993,356.2225993
2007 KE4,2026,2115,4,3.00E-06,1.49E+01,10.09,25.2,0.031,-5.24,-5.33,0,0.003032965,303296.5107,1268.547386,96.23189123,35.61667286,356.1667286
2005 ED224,2018,2064,6,3.00E-06,1.49E+01,25.24,24,0.054,-3.74,-4.07,0,0.100313638,10031363.79,1620.169958,115.4219475,40.25133486,402.5133486
2016 WN7,2095,2100,3,3.10E-06,1.49E+01,6.16,27.9,0.009,-7.27,-7.3,0,2.77E-05,2766.23424,796.480269,70.46848685,28.22198202,282.2198202
2015 VP64,2069,2105,5,3.10E-06,1.49E+01,20.96,28.3,0.007,-6.99,-7,0,0.000150687,15068.73088,966.8399187,79.76598797,31.09404957,310.9404957
2014 FE,2034,2081,11,3.10E-06,1.49E+01,19.86,27.6,0.01,-6.31,-6.54,0,0.00039442,39441.96,1063.541068,85.04352315,32.61197737,326.1197737
2014 FX32,2076,2108,3,3.10E-06,1.49E+01,9.05,25.1,0.033,-5.71,-5.71,0,0.00294333,294333.0143,1265.532503,96.06735182,35.57432364,355.7432364
2016 WR55,2100,2115,9,3.20E-06,1.50E+01,14.12,28.3,0.007,-7.32,-7.62,0,6.84E-05,6838.54192,887.4408247,75.43272498,29.78994503,297.8994503
2017 AE21,2020,2117,90,3.20E-06,1.50E+01,4.97,25,0.034,-4.87,-5.42,0,0.000970844,97084.41736,1154.065762,89.98397383,33.97154342,339.7154342
2013 WZ44,2111,2111,1,3.20E-06,1.50E+01,12.56,25.7,0.025,-6.09,-6.09,0,0.0024649,246490,1247.704914,95.09439828,35.32286673,353.2286673
2006 HX57,2045,2065,2,3.20E-06,1.50E+01,10.53,25.2,0.031,-5.62,-5.63,0,0.003303253,330325.2892,1277.126697,96.70011334,35.73690944,357.3690944
2010 JH80,2074,2082,2,3.20E-06,1.50E+01,26.9,24.5,0.042,-4.98,-4.99,0,0.053610818,5361081.768,1557.202124,111.9854324,39.46140043,394.6140043
2010 XC,2017,2113,332,3.30E-06,1.50E+01,3.96,29.1,0.005,-7.25,-8.05,0,1.96E-06,196.02,530.4564012,55.95004183,23.03163913,230.3163913
2013 XS21,2086,2111,9,3.30E-06,1.50E+01,7.52,29.4,0.004,-7.95,-8.26,0,3.62E-06,361.92256,592.0838566,59.31340479,24.3327733,243.327733
2006 UQ216,2061,2115,7,3.30E-06,1.50E+01,3.73,27.3,0.012,-7.02,-7.22,0,2.40E-05,2404.14912,782.3811528,69.69901739,27.97107708,279.7107708
2016 LG10,2108,2108,3,3.30E-06,1.50E+01,8.69,25.6,0.026,-6.11,-6.44,0,0.001327271,132727.0974,1185.493284,91.69915356,34.43099307,344.3099307
2016 FC1,2082,2088,4,3.40E-06,1.51E+01,15.19,29.1,0.005,-7.47,-7.64,0,2.88E-05,2884.20125,800.6772232,70.69753867,28.29624044,282.9624044
2014 GY44,2074,2083,3,3.40E-06,1.51E+01,12.32,25.4,0.028,-5.75,-5.9,0,0.003331927,333192.7245,1277.995329,96.74751959,35.74906054,357.4906054
2017 BY93,2057,2079,6,3.40E-06,1.51E+01,19.03,23.1,0.08,-4.29,-4.34,0,0.185416141,18541614.08,1681.906704,118.7912751,41.01105588,410.1105588
2012 BY1,2043,2074,6,3.50E-06,1.51E+01,18.2,25.8,0.024,-5.48,-5.59,0,0.004579062,457906.176,1309.94836,98.49137938,36.19320876,361.9320876
2012 LJ,2051,2072,2,3.50E-06,1.51E+01,18.69,25.6,0.026,-5.57,-5.6,0,0.00613958,613957.9774,1339.420966,100.0998682,36.59810058,365.9810058
2009 HC,2095,2113,5,3.60E-06,1.51E+01,3.72,24.8,0.038,-5.81,-6.13,0,0.000759341,75934.06848,1129.371564,88.63627012,33.60612391,336.0612391
2009 JL2,2057,2113,10,3.60E-06,1.51E+01,12.83,26,0.022,-5.99,-6.45,0,0.001752756,175275.5567,1213.438508,93.22428437,34.83444428,348.3444428
2015 VO142,2046,2110,15,3.70E-06,1.52E+01,2.82,29,0.005,-7.72,-8.43,0,9.94E-07,99.405,462.216029,52.22577415,21.49920996,214.9920996
2016 VA18,2020,2116,521,3.80E-06,1.52E+01,7.47,28.3,0.007,-6.78,-7.38,0,1.91E-05,1913.97087,759.4657368,68.44839198,27.55840592,275.5840592
2016 TQ2,2110,2115,7,3.80E-06,1.52E+01,15.21,26.4,0.017,-6.29,-6.56,0,0.001136594,113659.3563,1169.906943,90.84851773,34.20390245,342.0390245
2013 QM48,2071,2115,17,4.00E-06,1.53E+01,7.47,27.4,0.011,-6.93,-7.5,0,7.43E-05,7427.09979,895.7381272,75.88555627,29.9288845,299.288845
2016 JA6,2081,2115,8,4.00E-06,1.53E+01,11.34,26.4,0.018,-6.29,-6.47,0,0.00074997,74996.95392,1128.123571,88.56815998,33.58755084,335.8755084
2011 FA23,2025,2102,6,4.10E-06,1.53E+01,14.34,28.9,0.006,-7.21,-7.33,0,4.44E-05,4441.72896,844.0723338,73.06585822,29.05292298,290.5292298
2010 TW54,2092,2107,7,4.20E-06,1.54E+01,7.77,27.6,0.01,-6.94,-7.43,0,6.04E-05,6037.29,874.916688,74.74921116,29.57899065,295.7899065
2006 WV29,2036,2110,13,4.20E-06,1.54E+01,16.77,26.5,0.017,-6.05,-6.64,0,0.001381697,138169.7238,1189.532114,91.91957561,34.48959428,344.8959428
2007 KO4,2022,2114,248,4.20E-06,1.54E+01,13.71,23.3,0.075,-4.43,-5.14,0,0.079297355,7929735.469,1596.542916,114.1324846,39.95676308,399.5676308
2008 YV32,2085,2107,9,4.30E-06,1.54E+01,8.79,26.4,0.018,-6.32,-6.8,0,0.000450604,45060.42312,1076.924955,85.77395845,32.81653478,328.1653478
2017 AA21,2020,2116,210,4.30E-06,1.54E+01,7.71,26,0.021,-5.54,-5.85,0,0.000550512,55051.18101,1097.050817,86.87234196,33.12175746,331.2175746
2007 YM,2020,2114,239,4.40E-06,1.54E+01,7.69,26.3,0.019,-5.91,-6.91,0,0.000405615,40561.45099,1066.35383,85.19703165,32.65507357,326.5507357
2005 SO1,2110,2110,8,4.40E-06,1.54E+01,12.02,25.4,0.028,-5.82,-6.32,0,0.003171634,317163.3741,1273.040312,96.47709595,35.67969047,356.7969047
2012 QD8,2047,2050,2,4.40E-06,1.54E+01,20.76,23.1,0.081,-3.99,-4.03,0,0.229039167,22903916.67,1703.141206,119.9501634,41.26913139,412.6913139
2015 HE183,2058,2110,34,4.50E-06,1.55E+01,13.75,28.3,0.008,-6.94,-7.42,0,0.0000968,9680,922.3630164,77.33862886,30.37042997,303.7042997
2017 AT20,2039,2116,297,4.50E-06,1.55E+01,7.71,27.1,0.013,-6.57,-7.12,0,0.000130599,13059.86877,952.4607266,78.98123316,30.86196246,308.6196246
2010 WC9,2027,2115,16,4.50E-06,1.55E+01,12.69,23.4,0.07,-4.01,-4.03,0,0.055235382,5523538.23,1560.202311,112.1491698,39.49939634,394.9939634
2006 BC8,2050,2115,24,4.70E-06,1.55E+01,13.18,25.1,0.032,-5.56,-6.17,0,0.005692208,569220.7923,1331.817391,99.68489753,36.49407336,364.9407336
2016 WN55,2020,2113,48,4.80E-06,1.56E+01,0.34,25.6,0.028,-4.06,-4.33,0,2.54E-06,253.76512,556.4045253,57.36617947,23.58822853,235.8822853
2016 SU2,2102,2115,12,4.90E-06,1.56E+01,12.73,27.7,0.01,-6.85,-7.23,0,0.000162053,16205.29,974.1478102,80.16482144,31.21134105,312.1134105
2015 UR67,2091,2091,1,4.90E-06,1.56E+01,11.63,26.3,0.019,-6.12,-6.12,0,0.000927727,92772.70771,1149.500247,89.73480755,33.90428067,339.0428067
2009 OW6,2080,2115,2,4.90E-06,1.56E+01,6.65,25.3,0.029,-5.81,-6.01,0,0.001078543,107854.2553,1164.63827,90.56097606,34.12679694,341.2679694
2008 EK68,2017,2115,315,5.00E-06,1.56E+01,7.43,29.8,0.004,-7.6,-8.87,0,3.53E-06,353.31136,589.6637805,59.18132738,24.28299365,242.8299365
2007 EV,2088,2109,5,5.00E-06,1.56E+01,10.58,25,0.033,-5.59,-5.78,0,0.004022658,402265.8407,1296.928578,97.78081534,36.01289461,360.1289461
2016 NP56,2024,2068,8,5.10E-06,1.56E+01,2.14,26.2,0.019,-6.05,-6.11,0,3.14E-05,3141.14764,809.2538451,71.16561401,28.44738732,284.4738732
2004 FH,2098,2107,4,5.10E-06,1.56E+01,6.97,26.1,0.02,-6.26,-6.53,0,0.000388647,38864.72,1062.059376,84.96265874,32.58925246,325.8925246
2010 MA113,2033,2114,469,5.20E-06,1.57E+01,3.06,23.4,0.078,-4.47,-5.35,0,0.004443515,444351.5107,1306.928524,98.32656965,36.15146642,361.5146642
2013 NE24,2059,2112,13,5.40E-06,1.57E+01,10.83,27.4,0.011,-6.61,-6.93,0,0.000156112,15611.15259,970.3939487,79.95995173,31.15114683,311.5114683
2014 SR261,2058,2111,7,5.40E-06,1.57E+01,15.27,26.8,0.015,-6.01,-6.08,0,0.000786959,78695.85375,1132.9619,88.83221527,33.6594994,336.594994
2008 YO2,2052,2114,46,5.50E-06,1.57E+01,16.48,25.2,0.031,-5.36,-5.9,0,0.00809095,809094.9606,1367.157713,101.6136212,36.97509584,369.7509584
2016 WG,2076,2115,22,5.50E-06,1.57E+01,23.6,23.3,0.074,-4.25,-4.91,0,0.225693559,22569355.9,1701.662373,119.869455,41.25121056,412.5121056
2011 AK37,2097,2097,1,6.00E-06,1.59E+01,11.87,25.2,0.031,-5.51,-5.51,0,0.00419746,419745.9548,1301.20346,98.01412014,36.07219789,360.7219789
2010 UJ,2020,2108,103,6.10E-06,1.59E+01,2.84,26.2,0.019,-5.74,-6.16,0,5.53E-05,5532.19504,866.1360186,74.26999978,29.4301889,294.301889
2007 YS56,2104,2113,3,6.10E-06,1.59E+01,9.14,25.8,0.023,-5.99,-6.25,0,0.001016426,101642.6313,1158.676882,90.23562901,34.03934315,340.3934315
2002 MN,2070,2109,13,6.10E-06,1.59E+01,10.37,23.3,0.073,-4.59,-5.04,0,0.041833682,4183368.223,1532.273399,110.6249292,39.14426393,391.4426393
2013 GW38,2061,2113,13,6.40E-06,1.60E+01,10.26,28.5,0.007,-7.05,-7.66,0,3.61E-05,3610.67868,823.2541364,71.92969004,28.69240555,286.9240555
2016 JN38,2039,2114,93,6.50E-06,1.60E+01,19.51,29.1,0.005,-6.92,-7.8,0,4.76E-05,4758.00125,850.9850656,73.44312556,29.17164832,291.7164832
2007 US51,2079,2114,8,6.70E-06,1.60E+01,15.29,27.2,0.012,-6.34,-6.66,0,0.000403979,40397.89248,1065.947761,85.17487017,32.64885543,326.4885543
2013 AB65,2094,2113,8,6.70E-06,1.60E+01,24.42,27.6,0.01,-6.35,-6.49,0,0.000596336,59633.64,1105.086382,87.31088872,33.24283956,332.4283956
2009 FP32,2073,2115,18,6.90E-06,1.61E+01,15.06,27.8,0.01,-6.57,-7.2,0,0.000226804,22680.36,1007.931774,82.00860571,31.74794126,317.4794126
2016 TQ18,2086,2110,3,6.90E-06,1.61E+01,9.59,26.3,0.018,-6.13,-6.16,0,0.000536358,53635.79592,1094.433152,86.72948098,33.08221806,330.8221806
2010 MY112,2017,2114,440,7.00E-06,1.61E+01,2.1,25.5,0.029,-4.9,-5.95,0,0.000107555,10755.549,932.9515996,77.91650845,30.54425641,305.4425641
2012 BA102,2112,2112,1,7.00E-06,1.61E+01,7.23,26.5,0.017,-6.3,-6.3,0,0.000256817,25681.67577,1020.421648,82.69024963,31.94403933,319.4403933
2014 UD57,2086,2108,4,7.00E-06,1.61E+01,8.72,25.8,0.023,-5.81,-5.9,0,0.000925159,92515.92128,1149.221689,89.71960503,33.90017241,339.0017241
2009 HS44,2111,2111,1,7.00E-06,1.61E+01,18.29,26.6,0.017,-5.99,-5.99,0,0.001643517,164351.6903,1206.97131,92.87133236,34.74149263,347.4149263
2009 TB,2020,2112,35,7.10E-06,1.61E+01,10.84,29.2,0.005,-6.35,-6.91,0,1.47E-05,1468.82,732.8615243,66.99644784,27.07141526,270.7141526
2009 VZ39,2017,2114,924,7.10E-06,1.61E+01,6.33,27.9,0.009,-6.22,-7.61,0,2.92E-05,2921.02281,801.952139,70.76711812,28.31875949,283.1875949
2015 EO,2050,2077,6,7.10E-06,1.61E+01,14.25,26.6,0.016,-5.9,-6.13,0,0.000831744,83174.4,1138.524442,89.13579506,33.74202784,337.4202784
1995 CS,2042,2073,9,7.10E-06,1.61E+01,25.43,25.5,0.028,-4.73,-4.75,0,0.014196027,1419602.692,1423.659957,104.697272,37.7314187,377.314187
2012 WS3,2082,2115,31,7.30E-06,1.62E+01,8.79,25.9,0.022,-5.91,-6.85,0,0.000822708,82270.81368,1137.42667,89.07588334,33.72575678,337.2575678
2015 YM1,2096,2115,6,7.60E-06,1.62E+01,6.81,28.4,0.007,-7.1,-7.19,0,1.59E-05,1590.70023,740.8728115,67.43366963,27.21897888,272.1897888
2003 YS70,2075,2107,2,7.70E-06,1.62E+01,3.16,28.8,0.006,-7.44,-7.48,0,2.16E-06,215.68896,540.0661997,56.47450353,23.23932442,232.3932442
2016 VF18,2031,2082,7,7.70E-06,1.62E+01,10.09,29.8,0.004,-7.53,-7.57,0,6.52E-06,651.57184,651.1730871,62.53824228,25.51809333,255.1809333
2014 EU,2080,2107,5,7.70E-06,1.62E+01,5.64,27.7,0.01,-6.72,-6.77,0,3.18E-05,3180.96,810.5196135,71.23469423,28.46962616,284.6962616
2006 BF56,2092,2110,11,7.90E-06,1.63E+01,26.18,29.6,0.004,-7.16,-7.59,0,4.39E-05,4386.51136,842.815142,72.99724607,29.03127868,290.3127868
2009 FG,2022,2103,31,8.00E-06,1.63E+01,9.12,25.5,0.027,-5.47,-5.91,0,0.001637122,163712.1715,1206.579489,92.84994843,34.73585307,347.3585307
2014 HD198,2018,2115,78,8.10E-06,1.63E+01,17.54,29.6,0.004,-6.46,-6.58,0,1.97E-05,1968.97024,762.3129398,68.60378014,27.61001521,276.1001521
2007 WP3,2098,2114,21,8.20E-06,1.63E+01,13.03,23.5,0.067,-4.6,-4.99,0,0.051063813,5106381.283,1552.310348,111.7184602,39.39936989,393.9936989
2013 PG10,2056,2113,7,8.30E-06,1.63E+01,6.87,27.7,0.01,-6.56,-6.66,0,4.72E-05,4719.69,850.1725745,73.39878327,29.15771895,291.5771895
2015 TG24,2102,2115,15,8.50E-06,1.64E+01,9.84,26.7,0.016,-6.21,-6.77,0,0.000396598,39659.76576,1064.094516,85.07372799,32.62046162,326.2046162
2011 BU59,2089,2113,11,8.50E-06,1.64E+01,11.34,26.2,0.02,-5.88,-6.05,0,0.001028765,102876.48,1159.889505,90.30180878,34.05715057,340.5715057
2010 MZ112,2029,2110,186,8.60E-06,1.64E+01,1.54,25.5,0.028,-5.25,-6.43,0,5.21E-05,5206.13632,860.0310278,73.93681549,29.32628561,293.2628561
2010 TW149,2062,2113,42,8.60E-06,1.64E+01,17.04,25.9,0.023,-5.53,-5.97,0,0.00353283,353282.9587,1283.879379,97.06864587,35.83126259,358.3126259
2009 YR,2060,2087,6,8.70E-06,1.64E+01,3.12,28,0.009,-6.74,-7.14,0,7.10E-06,709.63776,659.7523981,63.00646439,25.68564576,256.8564576
2016 CH30,2100,2112,4,8.90E-06,1.64E+01,5.46,28,0.009,-6.92,-6.97,0,2.17E-05,2173.26564,772.2342435,69.14524247,27.78910296,277.8910296
2007 EO88,2073,2111,8,8.90E-06,1.64E+01,10.95,26.4,0.018,-5.97,-6.49,0,0.000699271,69927.138,1121.089264,88.18425758,33.4826711,334.826711
2006 HF6,2068,2110,22,8.90E-06,1.64E+01,16.4,24.5,0.043,-4.73,-5.27,0,0.021384203,2138420.272,1464.833495,106.9443477,38.27314326,382.7314326
99942 Apophis (2004 MN4),2060,2105,12,8.90E-06,1.64E+01,5.85,19.1,0.37,-2.83,-2.93,0,1.733472293,173347229.3,1906.550398,131.0513672,43.664063,436.64063
2014 TL,2072,2114,6,9.10E-06,1.65E+01,10.72,27.8,0.009,-6.66,-6.82,0,8.38E-05,8377.55136,907.8402601,76.54603893,30.13038765,301.3038765
2007 TL16,2074,2092,10,9.10E-06,1.65E+01,11.43,26.2,0.019,-5.8,-5.91,0,0.000896093,89609.33691,1146.013632,89.54452299,33.8528231,338.528231
2011 UD21,2105,2105,1,9.30E-06,1.65E+01,1.29,28.5,0.007,-7.21,-7.21,0,5.71E-07,57.07863,406.4618404,49.18294897,20.1608988,201.608988
2011 TO,2055,2076,5,9.30E-06,1.65E+01,8.55,26.3,0.019,-5.73,-5.74,0,0.00050141,50141.00475,1087.661764,86.3599276,32.97971747,329.7971747
2002 VU17,2084,2099,5,9.30E-06,1.65E+01,13.69,24.8,0.038,-5.06,-5.49,0,0.010283896,1028389.624,1391.26074,102.9290613,37.29960777,372.9960777
2008 CB6,2093,2107,2,9.60E-06,1.66E+01,7.43,27.1,0.013,-6.38,-6.53,0,0.000121285,12128.51653,945.0253299,78.57544101,30.74126429,307.4126429
2002 UV36,2087,2087,1,9.70E-06,1.66E+01,8.06,26.7,0.016,-6.09,-6.09,0,0.000266091,26609.09056,1023.986874,82.88482441,31.99979491,319.9979491
2001 BA16,2033,2111,6,9.80E-06,1.66E+01,4.9,25.8,0.023,-5.33,-5.38,0,0.00029213,29212.967,1033.369454,83.39688551,32.14606437,321.4606437
2010 RM80,2085,2115,21,1.10E-05,1.67E+01,5.36,27.9,0.009,-6.84,-7.25,0,2.09E-05,2094.38784,768.5188264,68.94247089,27.72217211,277.2217211
2007 DC,2040,2108,35,1.10E-05,1.67E+01,6.71,27.5,0.011,-6.26,-6.87,0,5.99E-05,5992.70771,874.1717995,74.70855833,29.56639646,295.6639646
1991 BA,2023,2115,46,1.10E-05,1.67E+01,17.23,28.7,0.006,-6.03,-6.14,0,6.41E-05,6412.45464,880.9754716,75.07987366,29.68123096,296.8123096
2006 WZ184,2084,2114,27,1.10E-05,1.67E+01,7.26,26.1,0.021,-5.85,-6.77,0,0.000488125,48812.50836,1084.963107,86.21264642,32.93877816,329.3877816
2017 BO32,2048,2094,56,1.10E-05,1.67E+01,8.76,24.6,0.041,-4.96,-5.65,0,0.005288832,528883.213,1324.430626,99.28175948,36.39272765,363.9272765
2005 AU3,2081,2114,24,1.20E-05,1.69E+01,14.4,26,0.021,-5.55,-6.18,0,0.001920361,192036.096,1222.616495,93.72517966,34.96593335,349.6593335
2009 TH8,2068,2100,4,1.20E-05,1.69E+01,13.03,24.9,0.036,-5.04,-5.13,0,0.007921298,792129.767,1365.028028,101.4973921,36.94628572,369.4628572
2015 RN35,2065,2111,9,1.20E-05,1.69E+01,5.72,23,0.085,-4.24,-4.43,0,0.020093187,2009318.74,1458.575248,106.6027993,38.19129806,381.9129806
2013 RZ53,2092,2103,8,1.30E-05,1.70E+01,1.25,31.1,0.002,-8.32,-8.7,0,1.25E-08,1.25,22.42574188,28.22390109,4.735582528,47.35582528
2008 VL,2017,2114,615,1.30E-05,1.70E+01,9.68,27.9,0.009,-6.33,-7.46,0,6.83E-05,6830.90496,887.3285293,75.42659638,29.78806018,297.8806018
2013 RS43,2073,2114,27,1.30E-05,1.70E+01,5.69,27,0.013,-6.26,-7.04,0,7.11E-05,7113.02917,891.3958346,75.64857251,29.85625286,298.5625286
2008 EM68,2017,2115,1144,1.30E-05,1.70E+01,14.54,27.8,0.01,-5.31,-5.65,0,0.000211412,21141.16,1000.868944,81.62314663,31.63651282,316.3651282
2012 VS76,2081,2114,9,1.30E-05,1.70E+01,11.48,26.9,0.014,-6,-6.27,0,0.000361633,36163.28576,1054.819165,84.56751896,32.47797969,324.7797969
2009 RR,2102,2114,20,1.30E-05,1.70E+01,12.95,25.6,0.026,-5.38,-6.12,0,0.002947539,294753.914,1265.676115,96.07518957,35.57634207,355.7634207
2009 FZ10,2111,2115,5,1.30E-05,1.70E+01,13.01,25.5,0.027,-5.37,-5.37,0,0.003331547,333154.6548,1277.983846,96.74689287,35.74889992,357.4889992
2015 FU344,2066,2111,13,1.40E-05,1.71E+01,9.92,31,0.002,-7.79,-7.94,0,7.87E-07,78.72512,438.77559,50.94649524,20.9469709,209.469709
2011 UL169,2057,2073,6,1.40E-05,1.71E+01,9.35,28.3,0.007,-6.45,-6.51,0,3.00E-05,2998.59175,804.5861147,70.91086924,28.36522721,283.6522721
2011 DS,2065,2108,13,1.40E-05,1.71E+01,6.54,27,0.013,-6.11,-6.36,0,9.40E-05,9396.92052,919.3802141,77.17584026,30.32128319,303.2128319
2014 LJ,2055,2115,39,1.50E-05,1.72E+01,3.61,28.5,0.007,-6.9,-7.82,0,4.47E-06,447.00103,613.3023101,60.47141724,24.76494115,247.6494115
2016 TG94,2096,2116,16,1.50E-05,1.72E+01,8.74,29.7,0.004,-7.4,-7.77,0,4.89E-06,488.88064,622.3027617,60.96262339,24.94599691,249.4599691
2011 CF66,2018,2114,808,1.50E-05,1.72E+01,12.52,27.8,0.01,-6.04,-7.18,0,0.00015675,15675.04,970.8043943,79.9823521,31.1577341,311.577341
2004 VM24,2072,2114,20,1.50E-05,1.72E+01,12.86,25.7,0.025,-5.26,-5.72,0,0.002584056,258405.625,1252.449391,95.35333154,35.38996173,353.8996173
2012 SY49,2031,2114,19,1.50E-05,1.72E+01,15.65,25.8,0.023,-5.01,-5.27,0,0.002979972,297997.2058,1266.775907,96.13521149,35.5917955,355.917955
2008 US,2017,2062,30,1.60E-05,1.73E+01,18.33,31.4,0.002,-6.48,-6.87,0,2.69E-06,268.79112,562.1857861,57.68169596,23.71045731,237.1045731
2013 HT150,2049,2113,75,1.60E-05,1.73E+01,14.34,25.4,0.028,-5.08,-5.62,0,0.004514113,451411.2691,1308.512682,98.41302618,36.17336979,361.7336979
2003 WT153,2044,2103,39,1.70E-05,1.74E+01,4.41,28.1,0.008,-6.57,-6.77,0,9.96E-06,995.74272,693.7949112,64.86435917,26.33998693,263.3998693
2006 GU2,2022,2115,61,1.70E-05,1.74E+01,7.3,27.8,0.009,-6.44,-7.09,0,3.88E-05,3884.841,830.6092991,72.33110336,28.82029318,288.2029318
2012 BL14,2019,2115,520,1.70E-05,1.74E+01,19.82,28.2,0.008,-5.71,-6.14,0,0.00020113,20113.01888,995.8586037,81.3497037,31.55722744,315.5722744
2016 BA15,2054,2108,14,1.70E-05,1.74E+01,15.88,26.8,0.015,-5.46,-5.57,0,0.000851089,85108.86,1140.835073,89.26189937,33.77625013,337.7625013
2011 UM169,2100,2107,19,1.70E-05,1.74E+01,13.95,25,0.033,-4.97,-5.25,0,0.00699343,699343.0043,1352.50745,100.8140725,36.77645238,367.7645238
2014 HJ197,2036,2115,410,1.80E-05,1.75E+01,4.51,30.2,0.003,-7.36,-7.9,0,5.49E-07,54.91827,402.5842094,48.97132446,20.06450123,200.6450123
2010 VP139,2017,2112,350,1.80E-05,1.75E+01,2.04,28.5,0.007,-6.51,-7.54,0,1.43E-06,142.74288,498.5809058,54.21041361,22.32892532,223.2892532
2005 TA,2099,2114,14,1.80E-05,1.75E+01,4.8,27.2,0.012,-6.29,-6.64,0,3.98E-05,3981.312,833.0744791,72.46564234,28.86302962,288.6302962
2008 DB,2046,2113,37,1.80E-05,1.75E+01,6.97,25.7,0.025,-5.31,-6,0,0.000759077,75907.65625,1129.336602,88.634362,33.60560372,336.0560372
2011 CU46,2033,2115,420,1.80E-05,1.75E+01,16.18,25.4,0.028,-4.91,-5.96,0,0.005746867,574686.6765,1332.77782,99.73731365,36.50722969,365.0722969
2017 BG92,2045,2110,25,1.90E-05,1.75E+01,5.31,28.6,0.006,-6.68,-7.06,0,6.09E-06,609.03576,644.3883203,62.16795873,25.38480491,253.8480491
2016 TY55,2074,2114,16,1.90E-05,1.75E+01,4.61,26.9,0.014,-5.99,-6.23,0,5.83E-05,5831.57624,871.4325923,74.55906412,29.52003713,295.2003713
2011 UC64,2093,2114,25,1.90E-05,1.75E+01,14.05,27.9,0.009,-6.31,-6.78,0,0.000143906,14390.64225,962.2125708,79.51344711,31.01955143,310.1955143
2007 DS7,2053,2114,19,1.90E-05,1.75E+01,12.39,25.8,0.023,-5.27,-5.52,0,0.001867782,186778.1721,1219.826469,93.57291194,34.92601421,349.2601421
443104 (2013 XK22),2101,2102,2,1.90E-05,1.75E+01,6.9,24.2,0.05,-4.69,-4.69,0,0.00595125,595125,1336.289913,99.92898865,36.55529938,365.5529938
2016 EM156,2108,2116,5,2.00E-05,1.76E+01,8.81,27.9,0.009,-6.5,-6.56,0,5.66E-05,5658.21369,868.3996187,74.39353739,29.46862092,294.6862092
2014 MA68,2019,2115,454,2.00E-05,1.76E+01,4.95,25.9,0.022,-5.16,-6.03,0,0.000260903,26090.262,1022.007968,82.77682419,31.96885935,319.6885935
2016 FV13,2114,2114,1,2.00E-05,1.76E+01,11.06,25.9,0.023,-5.44,-5.44,0,0.001488311,148831.1241,1197.002162,92.32725892,34.59771903,345.9771903
2009 TU,2086,2111,6,2.10E-05,1.77E+01,15.15,27.4,0.011,-5.87,-6.32,0,0.000305494,30549.44475,1037.865167,83.64224226,32.2159148,322.159148
2014 GN1,2061,2061,1,2.10E-05,1.77E+01,21.23,24.6,0.041,-4.17,-4.17,0,0.031063584,3106358.378,1502.358251,108.9922884,38.7602664,387.602664
2016 TH,2077,2115,30,2.20E-05,1.77E+01,7.4,29.4,0.004,-7.09,-7.76,0,3.50E-06,350.464,588.8505696,59.13694581,24.26624342,242.6624342
2016 FZ13,2108,2114,6,2.20E-05,1.77E+01,4.3,28.3,0.007,-6.75,-7.14,0,6.34E-06,634.207,648.4583774,62.39008504,25.46484591,254.6484591
2009 WW7,2069,2115,30,2.20E-05,1.77E+01,8.2,28.9,0.006,-6.81,-6.94,0,1.45E-05,1452.384,731.7306058,66.93472715,27.05051951,270.5051951
2009 VA,2025,2048,16,2.20E-05,1.77E+01,8.24,28.6,0.006,-5.81,-5.84,0,1.47E-05,1466.58816,732.7087019,66.98810744,27.06859254,270.6859254
2007 VE8,2062,2062,1,2.20E-05,1.77E+01,9.05,25.4,0.028,-4.92,-4.92,0,0.001797924,179792.368,1215.995541,93.36383632,34.87112762,348.7112762
2008 GM2,2084,2114,35,2.30E-05,1.78E+01,4.61,28.4,0.007,-6.69,-7.39,0,7.29E-06,728.94703,662.4504416,63.15371207,25.73811263,257.3811263
2016 WT,2072,2115,36,2.30E-05,1.78E+01,10.71,29.7,0.004,-7.2,-8.08,0,7.34E-06,734.10624,663.1592313,63.19239477,25.75187821,257.5187821
2010 UK,2069,2115,20,2.30E-05,1.78E+01,6.11,26.9,0.014,-5.81,-6.02,0,0.000102439,10243.92824,928.0536073,77.64919697,30.46397228,304.6397228
2007 UO6,2031,2113,11,2.30E-05,1.78E+01,11.68,27.3,0.011,-5.39,-5.65,0,0.000181578,18157.82144,985.5809646,80.78879411,31.39396382,313.9396382
2009 TD17,2047,2113,56,2.40E-05,1.79E+01,6.57,27.7,0.01,-6.12,-6.9,0,4.32E-05,4316.49,841.1979435,72.90898629,29.00341262,290.0341262
2013 BL18,2070,2092,5,2.40E-05,1.79E+01,14.19,26,0.022,-5.16,-5.27,0,0.00214404,214403.9753,1233.689355,94.32948898,35.12391429,351.2391429
2013 EV27,2038,2070,4,2.50E-05,1.79E+01,12.37,27,0.014,-5.19,-5.19,0,0.000419878,41987.83736,1069.827268,85.38659704,32.70821407,327.0821407
2002 TY59,2084,2114,3,2.50E-05,1.79E+01,8.22,25.4,0.028,-5.21,-5.45,0,0.001483262,148326.1517,1196.660597,92.30861772,34.59278244,345.9278244
2008 EA9,2063,2084,9,2.60E-05,1.80E+01,1.24,27.7,0.01,-6.24,-6.8,0,1.54E-06,153.76,506.0528157,54.61819849,22.4956177,224.956177
2011 AY22,2044,2115,31,2.60E-05,1.80E+01,12.98,27.1,0.013,-5.78,-6.5,0,0.000370151,37015.14388,1057.159059,84.69522039,32.51398252,325.1398252
2008 ST7,2074,2112,24,2.60E-05,1.80E+01,9.98,24.1,0.052,-4.42,-4.77,0,0.014004613,1400461.304,1422.295645,104.6228137,37.71333511,377.1333511
2005 TH50,2031,2101,25,2.70E-05,1.80E+01,4.88,28,0.009,-6.04,-6.4,0,1.74E-05,1736.06976,749.6614121,67.91331387,27.37994544,273.7994544
2008 EX5,2062,2083,11,2.70E-05,1.80E+01,9.92,23.8,0.059,-4.13,-4.43,0,0.020210608,2021060.803,1459.160836,106.6347582,38.1989638,381.989638
2008 TS10,2068,2114,19,2.80E-05,1.81E+01,3.18,28.8,0.006,-6.77,-7.61,0,2.18E-06,218.42784,541.3343323,56.54371278,23.26659262,232.6659262
2011 ES4,2031,2112,48,2.90E-05,1.81E+01,7.75,25.7,0.025,-5.01,-5.39,0,0.000938477,93847.65625,1150.658027,89.79799421,33.92135061,339.2135061
2013 BR27,2067,2106,42,3.00E-05,1.82E+01,10.95,27.7,0.01,-6.02,-6.44,0,0.000119903,11990.25,943.8730467,78.51255432,30.72251693,307.2251693
2010 NN,2060,2115,29,3.20E-05,1.83E+01,7.74,28.3,0.007,-6.3,-6.67,0,2.05E-05,2054.83068,766.6025223,68.83788721,27.68758787,276.8758787
2013 FU13,2081,2098,3,3.20E-05,1.83E+01,5.74,27.2,0.012,-5.88,-6.09,0,5.69E-05,5693.34528,869.0216843,74.42748707,29.47917374,294.7917374
2011 MX,2070,2113,21,3.20E-05,1.83E+01,12.19,26.9,0.014,-5.51,-6,0,0.000407748,40774.76984,1066.880985,85.22580154,32.66314414,326.6314414
2007 TX22,2040,2086,52,3.40E-05,1.84E+01,8.87,28.4,0.007,-6.21,-7.02,0,2.70E-05,2698.61767,793.9931911,70.33275278,28.17788479,281.7788479
2006 SR131,2060,2113,38,3.40E-05,1.84E+01,8.46,28,0.009,-6.18,-6.98,0,5.22E-05,5217.56964,860.2514944,73.94884761,29.33004423,293.3004423
2016 QY84,2020,2116,703,3.60E-05,1.85E+01,3.15,31.6,0.002,-7.41,-8.32,0,7.94E-08,7.938,208.2002483,38.36267916,14.42914579,144.2914579
2008 VM,2020,2031,3,3.60E-05,1.85E+01,10.26,30.2,0.003,-6.49,-6.49,0,2.84E-06,284.22252,567.7959392,57.98787413,23.82846909,238.2846909
2016 EP84,2092,2106,6,3.60E-05,1.85E+01,2.33,27.4,0.011,-6.03,-6.08,0,7.23E-06,722.58659,661.5696862,63.10564421,25.72099699,257.2099699
2012 BA77,2025,2088,23,3.60E-05,1.85E+01,12.72,25.8,0.023,-4.61,-5.13,0,0.001968601,196860.1133,1225.109883,93.86125813,35.00156973,350.0156973
2012 EK5,2070,2111,14,3.70E-05,1.85E+01,15.13,25.5,0.026,-4.77,-5.03,0,0.004023443,402344.3434,1296.948189,97.78188561,36.01316688,360.1316688
2009 WP6,2067,2114,63,3.80E-05,1.85E+01,25.34,26.8,0.015,-5.01,-5.3,0,0.00216714,216714.015,1234.766365,94.38826761,35.13924252,351.3924252
2013 GA55,2070,2114,23,3.90E-05,1.86E+01,9.34,27.7,0.01,-6.04,-6.21,0,8.72E-05,8723.56,911.9076365,76.76801893,30.19780847,301.9780847
2010 KV7,2034,2115,56,3.90E-05,1.86E+01,5.37,26,0.021,-4.96,-5.32,0,0.000267059,26705.85309,1024.351671,82.90473346,32.00549439,320.0549439
2007 DX40,2035,2114,34,3.90E-05,1.86E+01,15.55,24.6,0.041,-4.08,-4.61,0,0.01666527,1666527.01,1439.776485,105.5768432,37.94438674,379.4438674
2010 HP20,2021,2115,564,4.10E-05,1.86E+01,7.66,28.2,0.008,-5.98,-7.46,0,3.00E-05,3004.19072,804.7735917,70.92110094,28.36853172,283.6853172
2012 DW60,2083,2115,14,4.10E-05,1.86E+01,5.4,26.5,0.017,-5.45,-5.54,0,0.000143263,14326.308,961.7622758,79.48887194,31.01229233,310.1229233
2015 BW516,2034,2081,8,4.30E-05,1.87E+01,11.41,27.7,0.01,-5.54,-5.66,0,0.000130188,13018.81,952.1442707,78.96396235,30.85683507,308.5683507
2011 OB26,2100,2115,17,4.40E-05,1.87E+01,11,25.6,0.026,-4.92,-5.13,0,0.002126696,212669.6,1232.873082,94.28494031,35.11229246,351.1229246
2014 HY198,2041,2115,234,4.50E-05,1.88E+01,6.52,29.6,0.004,-6.84,-7.41,0,2.72E-06,272.06656,563.4030491,57.74812897,23.73611276,237.3611276
1991 VG,2101,2101,1,4.60E-05,1.88E+01,1.02,28.4,0.007,-6.46,-6.46,0,3.57E-07,35.68572,359.259472,46.60684557,18.95414129,189.5414129
2016 GK2,2092,2116,8,4.60E-05,1.88E+01,9.12,27.8,0.009,-5.95,-6.14,0,6.06E-05,6063.41376,875.3506165,74.77289313,29.58632482,295.8632482
2011 CL50,2036,2111,68,4.70E-05,1.88E+01,3.51,27.6,0.01,-5.95,-6.85,0,1.23E-05,1232.01,715.1925264,66.0321495,26.74308371,267.4308371
2010 CS19,2104,2104,4,4.80E-05,1.89E+01,6.82,28,0.009,-6.16,-6.18,0,3.39E-05,3390.75396,816.9384217,71.58500534,28.58213466,285.8213466
2011 FQ6,2053,2115,28,4.80E-05,1.89E+01,10.5,27.7,0.01,-5.8,-5.97,0,0.00011025,11025,935.4383123,78.05222259,30.58493604,305.8493604
1994 GK,2051,2073,6,4.80E-05,1.89E+01,14.87,24.2,0.048,-3.82,-3.83,0,0.02445376,2445376.02,1478.313604,107.6800343,38.44884398,384.4884398
2012 BK14,2020,2113,663,4.90E-05,1.89E+01,3.67,28,0.009,-5.81,-6.88,0,9.82E-06,981.88281,692.3862196,64.78747881,26.31323278,263.1323278
2008 CT1,2030,2115,163,5.00E-05,1.89E+01,13.67,27.6,0.01,-5.62,-6.08,0,0.000186869,18686.89,988.4673819,80.94632242,31.43990111,314.3990111
2008 TE,2023,2047,3,5.10E-05,1.90E+01,11.84,27.7,0.01,-4.79,-4.79,0,0.000140186,14018.56,959.579896,79.36976698,30.97708663,309.7708663
2014 WE6,2104,2109,5,5.20E-05,1.90E+01,4.42,30.3,0.003,-7.3,-7.57,0,5.27E-07,52.74828,398.5325939,48.75020461,19.96328114,199.6328114
2008 WO2,2065,2111,10,5.30E-05,1.90E+01,6.11,29.8,0.004,-6.93,-7.28,0,2.39E-06,238.92544,550.3486887,57.0356778,23.45951169,234.5951169
2016 CD30,2056,2070,7,5.30E-05,1.90E+01,10.53,27.7,0.01,-5.62,-5.66,0,0.000110881,11088.09,936.0117745,78.0835197,30.59430951,305.9430951
2011 SM173,2058,2112,10,5.30E-05,1.90E+01,14.25,27.8,0.009,-5.5,-5.53,0,0.000148033,14803.25625,965.0535841,79.66849747,31.06531159,310.6531159
2011 EB,2070,2077,3,5.30E-05,1.90E+01,10.31,26.9,0.014,-5.33,-5.37,0,0.000291676,29167.64984,1033.213432,83.38837049,32.14363751,321.4363751
2015 XA378,2092,2115,19,5.30E-05,1.90E+01,17.9,25.5,0.027,-4.61,-4.82,0,0.00630663,630663.003,1342.118883,100.2471089,36.63494074,366.3494074
2011 CF22,2031,2115,171,5.40E-05,1.90E+01,18.81,30.9,0.002,-6.91,-7.73,0,2.83E-06,283.05288,567.3815091,57.9652563,23.81977139,238.1977139
2009 BF58,2055,2115,27,5.40E-05,1.90E+01,6.68,27.2,0.012,-5.67,-6.07,0,7.71E-05,7710.75072,899.504847,76.09112772,29.99174631,299.9174631
2014 JU15,2079,2114,71,5.40E-05,1.90E+01,10.34,24.7,0.039,-4.35,-5.07,0,0.006342126,634212.6476,1342.68295,100.2778933,36.64263841,366.4263841
2010 JL88,2049,2115,87,5.50E-05,1.91E+01,14.87,26.8,0.015,-5.18,-5.76,0,0.00074627,74626.95375,1127.626528,88.54103348,33.5801508,335.801508
2010 GM23,2087,2114,29,5.50E-05,1.91E+01,13.44,24.7,0.04,-4.31,-4.94,0,0.01156055,1156055.04,1403.02108,103.5708904,37.45692299,374.5692299
2014 GQ17,2052,2115,83,5.60E-05,1.91E+01,5.42,27.1,0.013,-5.55,-6.65,0,6.45E-05,6453.99508,881.6244143,75.11529017,29.69216082,296.9216082
2010 JH110,2071,2092,3,5.60E-05,1.91E+01,8.08,26.3,0.019,-5.17,-5.37,0,0.000447799,44779.94176,1076.297436,85.73971119,32.80697238,328.0697238
2005 VN5,2047,2114,29,5.70E-05,1.91E+01,6.58,27,0.014,-5.41,-5.87,0,0.000118805,11880.53216,942.9491868,78.462134,30.7074777,307.074777
2016 SR2,2066,2116,17,5.70E-05,1.91E+01,5.95,26.3,0.019,-5.27,-5.48,0,0.000242826,24282.57475,1014.791813,82.38299728,31.85579716,318.5579716
2014 QC391,2078,2115,37,5.90E-05,1.92E+01,7.61,27.5,0.011,-5.77,-6.14,0,7.71E-05,7708.10051,899.4702992,76.08924225,29.99117035,299.9117035
2014 YN,2095,2115,22,6.10E-05,1.92E+01,3.27,25.7,0.024,-5.06,-5.66,0,0.000147819,14781.86496,964.9082538,79.66056596,31.06297239,310.6297239
2013 TP4,2026,2026,1,6.20E-05,1.92E+01,25.3,27.5,0.011,-4.36,-4.36,0,0.00085196,85195.979,1140.937893,89.26751086,33.77777217,337.7777217
2015 BE511,2057,2103,5,6.40E-05,1.93E+01,9.88,28.7,0.006,-6.08,-6.19,0,2.11E-05,2108.47104,769.1923466,68.97922875,27.73431713,277.3431713
2008 UB7,2049,2100,33,6.60E-05,1.93E+01,18.47,23.9,0.057,-3.45,-3.76,0,0.063176907,6317690.669,1573.702878,112.885973,39.6699241,396.699241
2010 UH,2047,2115,45,6.70E-05,1.94E+01,6.74,27.1,0.013,-5.59,-5.72,0,9.98E-05,9980.44372,925.4348388,77.50627579,30.42096052,304.2096052
2015 DQ224,2029,2089,91,6.80E-05,1.94E+01,14.59,29.4,0.005,-5.98,-6.73,0,2.66E-05,2660.85125,792.5767983,70.25545211,28.15274051,281.5274051
2010 VW194,2042,2109,27,6.80E-05,1.94E+01,7.31,26.5,0.017,-5.15,-5.68,0,0.000262532,26253.15593,1022.633482,82.81096205,31.97864103,319.7864103
2008 ST,2047,2114,25,7.00E-05,1.94E+01,3.24,27.1,0.013,-5.55,-5.83,0,2.31E-05,2306.32272,778.2062479,69.47116893,27.89634829,278.9634829
2010 XN69,2020,2115,147,7.30E-05,1.95E+01,6.63,26.3,0.019,-4.89,-6.01,0,0.0003015,30150.03771,1036.542564,83.57006025,32.19538109,321.9538109
2008 UA202,2046,2105,63,7.60E-05,1.95E+01,2.3,29.4,0.004,-6.58,-7.35,0,3.39E-07,33.856,353.9697612,46.31815578,18.81408412,188.1408412
2013 YB,2017,2046,23,7.60E-05,1.95E+01,8.98,31.4,0.002,-6.6,-6.96,0,6.45E-07,64.51232,418.7655943,49.85443524,20.46376296,204.6376296
2006 QV89,2019,2041,12,7.60E-05,1.95E+01,5.16,25.3,0.03,-3.35,-3.35,0,0.000718891,71889.12,1123.870188,88.33602854,33.5241732,335.241732
2009 TM8,2079,2114,136,7.70E-05,1.96E+01,7.96,28.6,0.007,-6.18,-7.39,0,2.17E-05,2173.30288,772.2359655,69.14533645,27.78913395,277.8913395
2005 QK76,2030,2083,7,7.70E-05,1.96E+01,19.66,25.2,0.031,-3.54,-3.72,0,0.011514686,1151468.624,1402.621577,103.5490872,37.45158978,374.5158978
2007 CC27,2067,2105,40,8.00E-05,1.96E+01,10.88,26.9,0.014,-5.15,-5.65,0,0.000324819,32481.93536,1044.029544,83.97866759,32.31144601,323.1144601
2016 JB18,2091,2116,14,8.10E-05,1.96E+01,3.25,27.5,0.011,-5.72,-5.75,0,1.41E-05,1405.86875,728.4592668,66.75619145,26.98998457,269.8998457
2004 PU42,2071,2114,25,8.30E-05,1.97E+01,10.11,26.8,0.015,-5.13,-5.7,0,0.000344966,34496.58375,1050.077202,84.3087229,32.40489472,324.0489472
2012 TC4,2020,2114,79,8.50E-05,1.97E+01,6.51,26.7,0.015,-4.74,-5.81,0,0.000143033,14303.28375,961.6006306,79.48005003,31.00968608,310.0968608
2008 JL3,2027,2113,22,8.50E-05,1.97E+01,8.42,25.3,0.029,-3.72,-3.73,0,0.001729092,172909.23,1212.072466,93.14973164,34.81483112,348.1483112
2008 LD,2049,2115,59,8.90E-05,1.98E+01,4.13,28.9,0.006,-6.33,-7.17,0,3.68E-06,368.42904,593.874537,59.41113247,24.36954117,243.6954117
2007 UD6,2058,2106,63,9.00E-05,1.98E+01,5.99,28.3,0.007,-5.9,-6.79,0,1.23E-05,1230.68743,715.084582,66.02625835,26.74106546,267.4106546
2005 XA8,2069,2086,21,9.10E-05,1.98E+01,12.08,25.6,0.025,-4.43,-4.54,0,0.0022801,228010,1239.872819,94.66695603,35.21182783,352.1182783
2012 EP10,2056,2115,39,9.50E-05,1.99E+01,2.78,29.2,0.005,-6.45,-6.7,0,9.66E-07,96.605,459.3445753,52.06906249,21.43232548,214.3232548
2013 RO30,2044,2093,8,9.50E-05,1.99E+01,9.26,28.4,0.007,-5.91,-6.03,0,2.94E-05,2941.14268,802.6419995,70.80476775,28.33093714,283.3093714
2016 WY,2091,2114,11,9.70E-05,1.99E+01,3.24,29.2,0.005,-6.49,-6.6,0,1.31E-06,131.22,490.1219242,53.74875857,22.13869744,221.3869744
2014 CR13,2103,2113,16,9.90E-05,1.99E+01,12.29,25.7,0.024,-4.61,-4.69,0,0.002088034,208803.3638,1231.029242,94.18431139,35.0860263,350.860263
2015 WP2,2080,2115,24,0.0001,1.99E+01,12.62,30.1,0.003,-6.56,-6.98,0,4.30E-06,430.01388,609.4086294,60.25891679,24.68620322,246.8620322
2011 SO189,2056,2090,12,0.0001,1.99E+01,12.98,26.5,0.017,-4.74,-5.15,0,0.000827744,82774.42052,1138.039984,89.10935537,33.73484821,337.3484821
2012 VJ38,2031,2110,16,0.00011,2.01E+01,4.45,28.5,0.007,-5.95,-6.03,0,6.79E-06,679.22575,655.3504243,62.76622349,25.59981297,255.9981297
2009 WR52,2031,2113,51,0.00011,2.01E+01,5.42,28.3,0.007,-5.75,-6.03,0,1.01E-05,1007.61052,694.9856329,64.92934366,26.36258016,263.6258016
2016 LP10,2023,2115,32,0.00011,2.01E+01,15.59,29.5,0.004,-5.55,-5.66,0,1.56E-05,1555.50784,738.6244201,67.31096205,27.1776456,271.776456
2010 GH7,2099,2115,38,0.00011,2.01E+01,5.05,27.3,0.012,-5.53,-5.98,0,4.41E-05,4406.832,843.2796323,73.02259596,29.03927741,290.3927741
2012 AP10,2069,2114,81,0.00011,2.01E+01,3.57,26.4,0.018,-5.01,-5.7,0,7.43E-05,7432.82568,895.8155768,75.88978313,29.93017836,299.3017836
2012 BU1,2086,2114,20,0.00011,2.01E+01,8.97,27.7,0.01,-5.56,-5.99,0,8.05E-05,8046.09,903.7831677,76.32462017,30.06298667,300.6298667
2001 GP2,2043,2109,29,0.00012,2.02E+01,2.58,26.9,0.014,-5.08,-5.52,0,1.83E-05,1826.51616,754.7654248,68.19186906,27.47299446,274.7299446
2016 CK137,2040,2116,84,0.00012,2.02E+01,9.86,27.4,0.011,-5.24,-5.91,0,0.000129399,12939.92876,951.5334919,78.93062866,30.84693651,308.4693651
2006 DM63,2031,2088,22,0.00012,2.02E+01,10.37,26.7,0.015,-4.39,-4.67,0,0.000362937,36293.70375,1055.180949,84.58726362,32.4835489,324.835489
2015 WN1,2053,2114,74,0.00012,2.02E+01,8.88,26.5,0.017,-4.9,-5.68,0,0.000387412,38741.16672,1061.739374,84.94519441,32.58434247,325.8434247
2008 CC71,2034,2082,23,0.00012,2.02E+01,8.1,24.9,0.036,-3.95,-4.01,0,0.0030611,306110.016,1269.47536,96.28253613,35.62969773,356.2969773
29075 (1950 DA),2880,2880,1,0.00012,2.02E+01,14.1,17.6,1.3,-1.42,-1.42,(*),436.78557,43678557000,2462.242059,161.3786416,49.62098406,496.2098406
2015 TC25,2070,2115,13,0.00013,2.03E+01,3.52,29.5,0.004,-6.45,-6.49,0,7.93E-07,79.29856,439.5049807,50.98630226,20.96437408,209.6437408
2012 XB112,2058,2114,18,0.00013,2.03E+01,4.15,29.8,0.004,-6.35,-6.37,0,1.10E-06,110.224,472.5988239,52.79242269,21.73933817,217.3933817
2016 DA31,2028,2116,184,0.00013,2.03E+01,13.6,29.9,0.004,-6.1,-6.61,0,1.18E-05,1183.744,711.1761086,65.81295059,26.66788534,266.6788534
2010 VQ,2034,2114,56,0.00013,2.03E+01,4.58,27.7,0.01,-5.24,-5.69,0,2.10E-05,2097.64,768.6747602,68.95098109,27.7249844,277.249844
2014 WA201,2075,2084,8,0.00013,2.03E+01,11.57,26.8,0.015,-4.85,-4.85,0,0.000451794,45179.40375,1077.18997,85.78842185,32.82057236,328.2057236
2016 CG18,2062,2116,53,0.00014,2.04E+01,4.25,28.5,0.007,-5.87,-6.13,0,6.20E-06,619.54375,646.1074928,62.26178381,25.41864459,254.1864459
2007 HB15,2055,2112,33,0.00015,2.05E+01,6.35,27.8,0.01,-5.27,-5.35,0,4.03E-05,4032.25,834.3521371,72.53537145,28.88515427,288.8515427
2013 GM3,2028,2114,159,0.00015,2.05E+01,7.14,26.2,0.019,-4.61,-5.32,0,0.000349669,34966.90764,1051.438143,84.38299728,32.42588693,324.2588693
2000 SB45,2074,2113,98,0.00015,2.05E+01,7.53,24.3,0.046,-3.8,-4.3,0,0.005519039,551903.8802,1328.71252,99.51544695,36.45150916,364.5150916
2016 SA2,2110,2116,9,0.00016,2.06E+01,5.19,28.1,0.008,-5.77,-6.08,0,1.38E-05,1379.12832,726.5293017,66.65086221,26.9542075,269.542075
2016 DK1,2043,2115,33,0.00016,2.06E+01,6.87,27.3,0.012,-5,-5.47,0,8.16E-05,8155.62432,905.1420703,76.39878327,30.08557911,300.8557911
1994 GV,2036,2115,53,0.00016,2.06E+01,8.09,27.5,0.011,-5.14,-5.81,0,8.71E-05,8711.14211,911.7644751,76.7602058,30.19543799,301.9543799
2012 DJ54,2068,2115,32,0.0002,2.09E+01,5.43,28.5,0.007,-5.71,-6,0,1.01E-05,1011.33207,695.3561368,64.94956419,26.36960631,263.6960631
2016 RR1,2076,2113,27,0.0002,2.09E+01,6.75,27.8,0.009,-5.42,-5.64,0,3.32E-05,3321.50625,814.8647285,71.47183203,28.54583557,285.4583557
2014 OM207,2101,2101,2,0.00022,2.11E+01,8.2,29.1,0.005,-5.98,-5.98,0,0.000008405,840.5,676.76111,63.93472715,26.01463261,260.1463261
2015 KG158,2045,2111,38,0.00022,2.11E+01,7.69,28.3,0.007,-5.42,-5.48,0,2.03E-05,2028.36823,765.2998713,68.76679409,27.66405378,276.6405378
2012 MF7,2046,2092,9,0.00022,2.11E+01,8.7,26.8,0.015,-4.43,-4.47,0,0.000255454,25545.375,1019.886847,82.66106247,31.93566732,319.3566732
2011 DU9,2046,2059,4,0.00022,2.11E+01,8.77,26.7,0.016,-4.35,-4.36,0,0.000315035,31503.52384,1040.955807,83.81091621,32.26384675,322.6384675
2008 EZ84,2072,2114,10,0.00022,2.11E+01,7.91,26.2,0.02,-4.39,-4.68,0,0.000500545,50054.48,1087.48819,86.35045467,32.97708584,329.7708584
2010 UY7,2066,2115,45,0.00023,2.11E+01,3.87,28.5,0.007,-5.75,-6.19,0,5.14E-06,513.70767,627.2810885,61.23431918,25.04558022,250.4558022
2008 HJ,2077,2114,22,0.00023,2.11E+01,7.53,25.7,0.024,-4.35,-4.81,0,0.000783833,78383.32416,1132.561987,88.81038973,33.65355831,336.5355831
2009 JF1,2022,2022,1,0.00024,2.12E+01,23.92,27.1,0.013,-3.43,-3.43,0,0.00125705,125704.9581,1180.030394,91.40101239,34.35157047,343.5157047
2007 UN12,2071,2111,32,0.00029,2.15E+01,1.57,28.7,0.006,-5.8,-6.57,0,5.32E-07,53.24184,399.4685817,48.80128682,19.98671013,199.8671013
2011 EB74,2032,2115,328,0.00032,2.16E+01,7.55,26.9,0.014,-4.51,-5.45,0,0.000156415,15641.486,970.5890352,79.97059872,31.15427796,311.5427796
2015 XR169,2050,2115,122,0.00036,2.18E+01,9.54,28.8,0.006,-5.32,-5.62,0,1.97E-05,1965.85056,762.1535804,68.59508299,27.60712916,276.0712916
101955 Bennu (1999 RQ36),2175,2199,78,0.00037,2.18E+01,5.99,20.2,0.49,-1.71,-2.32,(*),4.221257885,422125788.5,1995.995329,135.932889,44.67656353,446.7656353
2017 BL30,2029,2052,9,0.00038,2.19E+01,7.16,23.3,0.073,-2.17,-2.17,0,0.01994319,1994318.992,1457.822198,106.561701,38.18143787,381.8143787
2016 NL39,2055,2116,85,0.00044,2.21E+01,3.93,27.6,0.01,-4.92,-5.48,0,1.54E-05,1544.49,737.91004,67.27197424,27.16449963,271.6449963
2013 VW13,2071,2084,9,0.00044,2.21E+01,16.35,26.2,0.019,-3.92,-4.09,0,0.001833565,183356.5028,1217.968309,93.47150152,34.8994027,348.994027
2011 BL45,2050,2115,51,0.0005,2.23E+01,1.68,27.2,0.013,-4.7,-4.85,0,6.20E-06,620.08128,646.1946503,62.2665405,25.42035897,254.2035897
2016 EO28,2035,2058,18,0.00051,2.23E+01,6.98,29.1,0.005,-4.99,-5.02,0,6.09E-06,609.005,644.3832444,62.16768171,25.38470493,253.8470493
2009 BE,2061,2114,26,0.00065,2.26E+01,11.46,26.1,0.02,-3.86,-4.15,0,0.001050653,105065.28,1162.005296,90.41727963,34.08819878,340.8819878
2016 NK22,2084,2115,85,0.0007,2.27E+01,6.88,28.9,0.005,-5.47,-5.67,0,5.92E-06,591.68,641.4827851,62.00938704,25.32751044,253.2751044
2000 LG6,2075,2115,52,0.00099,2.32E+01,2.11,29,0.005,-5.37,-5.86,0,5.57E-07,55.65125,403.9166736,49.04404465,20.09767831,200.9767831
2011 AM37,2044,2114,120,0.001,2.33E+01,3.65,29.7,0.004,-5.43,-5.83,0,8.53E-07,85.264,446.7944223,51.38412881,21.13751221,211.3751221
2014 JR24,2069,2115,38,0.0012,2.35E+01,3.72,29.3,0.005,-5.26,-5.27,0,1.73E-06,172.98,517.8899131,55.26421665,22.75719475,227.5719475
2016 VB1,2071,2115,73,0.0012,2.35E+01,5.45,28.6,0.006,-5.02,-5.48,0,6.42E-06,641.574,649.6190556,62.45342989,25.48762554,254.8762554
410777 (2009 FD),2185,2198,7,0.0016,2.39E+01,15.87,22.1,0.16,-1.78,-1.83,(*),1.031605862,103160586.2,1854.390341,128.2046943,43.06263277,430.6263277
2015 YJ,2042,2115,52,0.0018,2.41E+01,16.35,28.3,0.007,-4.13,-4.36,0,9.17E-05,9169.16175,916.9143502,77.04126396,30.28059362,302.8059362
2016 RD34,2051,2093,25,0.0019,2.42E+01,1.14,27.5,0.011,-4.17,-4.51,0,1.73E-06,172.97676,517.8880307,55.26411391,22.7571534,227.571534
2012 HG2,2053,2116,318,0.002,2.43E+01,3.32,27,0.014,-3.94,-4.37,0,3.02E-05,3024.54656,805.4522588,70.95813969,28.38049081,283.8049081
2000 SG344,2069,2113,104,0.0022,2.44E+01,1.36,24.8,0.037,-2.93,-3.26,0,9.37E-05,9368.77888,919.0787904,77.15938985,30.31631228,303.1631228
2006 JY26,2073,2110,48,0.0097,2.65E+01,2.98,28.4,0.007,-3.93,-3.93,0,3.05E-06,304.59772,574.7539494,58.36761256,23.97402656,239.7402656
2010 RF12,2095,2115,52,0.065,2.93E+01,5.1,28.4,0.007,-3.2,-3.2,0,8.92E-06,892.143,682.7538234,64.26178381,26.12955842,261.2955842
